prix,categorie,surface,nombre_des_chambres,nombre_des_salles_de_bains,haut_standing,terrasse,balcon,etage,parking,ascenseur,jardin,vue_panoramique,climatiseur,chauffage_central,piscine,lat,lon
530000.0,0,424.0,3.0,1.0,0,0,1,0,1,0,1,0,0,0,0,36.8133756,10.2930588
650000000.0,0,495.0,8.0,4.0,0,1,1,2,1,0,1,0,0,1,0,36.88266445,10.179112983298108
1150000.0,0,500.0,7.0,5.0,1,1,0,3,1,0,1,1,1,1,0,36.83561325,10.158361532128072
1800000.0,0,670.0,6.0,2.0,0,0,0,0,0,0,0,0,0,0,0,36.8491513,10.1745134
400000.0,0,460.0,6.0,3.0,0,0,0,4,1,0,0,0,0,0,0,36.742946,10.2507635
1250000.0,0,356.0,4.0,3.0,0,0,0,2,1,0,0,0,0,0,1,36.8142752,10.1374251
630000.0,0,275.0,3.0,2.0,1,0,0,2,1,0,1,0,1,1,0,36.767891,10.2724617
800000.0,0,500.0,6.0,3.0,0,0,0,2,1,0,0,0,0,1,0,36.767891,10.2724617
1300000.0,0,580.0,7.0,2.0,0,0,1,3,1,0,1,1,1,1,0,36.767891,10.2724617
130000.0,0,75.0,3.0,1.0,0,0,0,1,0,0,0,0,0,0,0,36.7188,10.3377872
650000000.0,0,500.0,4.0,2.0,0,0,0,2,1,0,1,0,0,0,0,36.88266445,10.179112983298108
545000.0,0,400.0,3.0,2.0,0,0,0,2,0,0,0,0,0,0,0,36.7188,10.3377872
2400000.0,0,1014.0,6.0,4.0,0,0,0,2,1,0,1,0,1,1,0,36.767891,10.2724617
420000.0,0,190.0,5.0,3.0,0,1,1,3,0,0,0,0,0,0,0,36.8548305,10.2847586
850000.0,0,1400.0,4.0,4.0,0,0,0,0,0,0,0,0,0,0,0,36.587213299999995,10.2437597
1850000.0,0,616.0,6.0,3.0,0,0,0,0,0,0,0,0,0,0,0,36.848456150000004,10.163424432628062
350000.0,0,220.0,8.0,2.0,0,1,0,1,0,0,0,0,0,0,0,36.8052747,10.12655322024668
1300000.0,0,1053.0,5.0,2.0,0,0,1,2,0,0,1,0,0,1,0,36.767891,10.2724617
295000.0,1,129.0,4.0,3.0,0,0,0,2,1,0,0,0,0,0,0,36.88266445,10.179112983298108
600000.0,0,440.0,5.0,4.0,0,1,1,2,0,0,1,0,0,0,0,36.88266445,10.179112983298108
1500000.0,0,550.0,12.0,3.0,0,1,0,3,1,0,1,0,0,0,0,36.83561325,10.158361532128072
529999.0,0,300.0,4.0,4.0,0,0,1,2,0,0,0,0,0,0,0,36.8346533,10.129857933607912
390000.0,0,300.0,4.0,2.0,0,0,0,0,1,0,0,0,0,0,0,36.9208825,10.1371088
300000000.0,1,170.0,4.0,2.0,0,1,1,0,0,0,0,0,0,0,0,36.8606537,10.2087006
430000.0,0,154.0,3.0,2.0,0,0,0,0,1,0,0,0,0,1,0,36.7404497,10.3029461
370000.0,1,100.0,4.0,2.0,0,0,0,3,0,0,0,0,1,1,0,36.9051527,10.2982512
1399999.0,0,340.0,5.0,2.0,0,0,0,0,1,0,1,0,1,1,0,36.9051527,10.2982512
1300000.0,0,400.0,7.0,3.0,0,1,0,3,1,0,1,0,1,1,0,36.83561325,10.158361532128072
270000.0,0,150.0,2.0,2.0,0,0,0,2,0,0,1,0,0,0,0,36.742946,10.2507635
1280000.0,0,440.0,5.0,4.0,0,0,0,2,1,0,1,0,1,1,0,36.8815146,10.170871
390000.0,0,140.0,4.0,1.0,0,1,0,3,0,0,0,0,0,0,0,33.8439408,9.400138
280000.0,0,269.0,4.0,1.0,0,1,1,0,0,0,0,0,0,0,0,35.15881,8.8307812
950000.0,0,1600.0,3.0,2.0,0,0,0,0,1,0,1,0,1,1,0,36.9085108,10.0425496
950000.0,0,1600.0,3.0,2.0,0,0,0,3,1,0,1,0,1,1,0,36.9085108,10.0425496
1600000.0,0,590.0,6.0,3.0,0,1,0,2,1,0,1,0,0,1,1,36.8815146,10.170871
1250000.0,0,400.0,4.0,3.0,0,0,0,2,0,0,1,0,0,0,0,36.8421942,10.1131594
950000.0,0,580.0,7.0,3.0,0,1,0,7,1,0,1,0,0,1,0,36.8212581,10.1531771
1400000.0,0,640.0,5.0,4.0,0,0,0,5,1,0,1,0,0,0,0,36.8491478,10.2639359
240000.0,0,90.0,2.0,1.0,0,0,0,2,0,0,0,0,0,0,0,36.7404497,10.3029461
1500000.0,0,673.0,5.0,3.0,0,0,1,2,0,0,1,0,0,0,1,36.848456150000004,10.163424432628062
980000.0,0,515.0,6.0,3.0,0,0,1,2,1,0,1,0,0,0,0,36.8336187,10.1471736
295000.0,0,140.0,3.0,2.0,0,1,0,2,0,0,0,0,0,0,0,36.8346533,10.129857933607912
480000.0,1,294.0,4.0,2.0,0,1,1,2,1,0,0,0,1,1,0,36.8336187,10.1471736
1600000.0,0,600.0,6.0,2.0,0,0,0,0,0,0,0,0,0,0,0,36.8491513,10.1745134
1600000.0,0,467.0,5.0,3.0,0,0,0,2,0,0,0,0,0,0,0,36.8491513,10.1745134
600000.0,1,160.0,4.0,3.0,0,1,0,1,0,0,0,0,0,0,0,36.8790882,10.327678
950000.0,0,775.0,8.0,6.0,1,0,0,2,0,0,1,0,0,0,0,36.8749751,10.2454267
985000.0,0,490.0,4.0,3.0,1,0,0,2,1,0,1,0,1,1,1,36.88266445,10.179112983298108
750000.0,0,244.0,5.0,4.0,0,1,1,2,1,0,1,0,1,1,0,36.8668995,10.15447030677053
2200000.0,0,950.0,5.0,2.0,0,0,0,0,0,0,0,0,0,0,0,36.9051527,10.2982512
1200000.0,0,547.0,5.0,4.0,0,0,0,0,1,0,0,0,0,0,0,36.829187,10.146311
950000.0,0,775.0,8.0,6.0,1,0,0,2,0,0,1,0,0,0,0,36.8811985,10.211819
950000.0,0,380.0,5.0,3.0,0,0,0,2,1,0,1,0,0,0,1,36.8348312,10.3181518
185000.0,0,100.0,6.0,2.0,0,0,0,2,0,0,0,0,0,0,0,36.7818973,10.0617881
2400000.0,0,450.0,7.0,5.0,1,0,0,2,1,0,1,0,0,0,1,36.8749751,10.2454267
1350000.0,0,300.0,4.0,3.0,0,0,1,1,1,0,1,0,1,1,1,36.8749751,10.2454267
850000.0,0,386.0,5.0,5.0,0,0,0,2,1,0,1,0,1,1,0,36.8790882,10.327678
1111111.0,0,200.0,3.0,1.0,1,1,0,1,1,0,1,0,0,0,0,33.8439408,9.400138
1000000.0,0,400.0,9.0,7.0,1,0,0,3,1,0,1,0,0,0,1,36.7189536,10.3642733
28343000.0,0,620.0,3.0,2.0,0,0,0,0,0,0,1,0,0,0,0,36.7404497,10.3029461
800000.0,0,413.0,8.0,3.0,0,0,0,1,0,0,0,0,0,0,0,36.767891,10.2724617
310000.0,1,180.0,4.0,2.0,0,0,0,0,0,0,0,0,0,0,0,36.742946,10.2507635
280000.0,0,140.0,3.0,1.0,0,0,0,1,0,0,0,0,0,0,0,36.8142752,10.1374251
480000.0,1,85.0,2.0,1.0,0,0,0,0,0,0,0,0,0,0,0,36.8811985,10.211819
1800000.0,0,400.0,6.0,6.0,0,1,1,3,1,0,0,0,1,1,1,36.9051527,10.2982512
790000.0,0,544.0,9.0,4.0,0,1,1,2,1,0,0,0,0,0,1,36.7189536,10.3642733
570000.0,0,138.0,4.0,1.0,0,0,0,0,0,0,0,0,0,0,0,36.8790882,10.327678
560000.0,1,167.0,4.0,2.0,0,0,0,0,1,0,1,0,0,0,0,36.8815146,10.170871
100000.0,0,446.0,3.0,1.0,0,0,0,0,0,0,0,0,0,0,0,36.7571648,10.014927
430000.0,0,671.0,4.0,1.0,0,0,0,0,1,0,0,0,0,0,0,36.587213299999995,10.2437597
280000.0,0,249.0,4.0,1.0,0,1,0,0,1,0,1,0,0,0,0,36.8346533,10.129857933607912
366000.0,1,145.3,2.0,2.0,1,1,0,3,1,1,0,0,1,1,0,36.8113307,10.0947037
1800000.0,0,587.0,4.0,2.0,1,1,0,0,0,0,1,0,1,1,1,36.8423974,10.1571247
640000.0,0,260.0,8.0,3.0,0,0,0,0,1,0,1,1,0,0,0,36.8113307,10.0947037
1380000.0,0,300.0,4.0,3.0,0,0,0,2,1,0,1,0,1,1,1,36.8811985,10.211819
870000.0,0,404.0,8.0,4.0,0,0,0,3,0,0,1,0,0,0,0,36.8568947,10.1725737
680000.0,0,400.0,6.0,3.0,1,0,1,2,1,0,1,0,0,0,0,36.8142752,10.1374251
300000.0,0,170.0,5.0,2.0,0,1,0,2,0,0,0,0,1,1,0,36.8606537,10.2087006
1300000.0,0,387.0,3.0,2.0,0,0,0,1,0,0,0,0,0,0,0,36.8334618,10.1708613
3000000.0,0,564.0,5.0,3.0,0,0,0,3,1,0,0,0,0,0,0,36.8668995,10.15447030677053
680000.0,0,227.0,4.0,2.0,0,1,0,2,1,0,0,0,0,0,0,36.8270836,10.126886
850000.0,0,285.0,4.0,4.0,1,0,0,0,1,0,1,0,0,0,0,36.8790882,10.327678
310000.0,0,260.0,5.0,3.0,0,1,0,3,0,0,0,0,0,0,0,36.8348312,10.3181518
375000.0,0,188.0,3.0,2.0,0,1,0,2,1,0,0,0,0,0,0,36.6306483,10.2100827
870000.0,0,170.0,5.0,3.0,1,1,0,2,1,0,1,0,1,1,1,36.8790882,10.327678
668000000.0,0,3000.0,8.0,2.0,0,0,0,2,0,0,0,0,0,0,0,36.81791,10.2127219
450000.0,0,341.0,5.0,2.0,0,0,0,0,0,0,0,0,0,1,0,36.68123,10.3784719
260000.0,0,400.0,3.0,1.0,0,0,0,0,0,0,1,0,0,0,0,36.9535973,10.1891941
480000.0,1,200.0,3.0,3.0,1,0,1,2,1,0,1,0,1,1,0,36.767891,10.2724617
170000.0,1,60.0,3.0,2.0,0,0,0,2,0,0,0,0,0,0,0,36.8790882,10.327678
130000.0,1,117.0,2.0,2.0,0,0,0,0,0,0,0,0,0,0,0,36.8166554,10.1108343
420000.0,0,170.0,3.0,2.0,0,0,0,1,0,0,1,0,1,1,0,36.8568947,10.1725737
950000.0,0,660.0,14.0,6.0,1,0,1,3,1,0,0,0,0,0,0,36.742946,10.2507635
300000.0,0,227.0,4.0,2.0,0,1,0,0,0,0,0,0,0,0,0,36.8142752,10.1374251
720000.0,0,325.0,7.0,4.0,0,1,0,2,1,0,1,0,0,0,0,36.8606537,10.2087006
890000.0,0,781.0,7.0,2.0,0,0,0,2,0,0,1,0,0,1,0,36.7897886,10.1707683
470000.0,0,150.0,7.0,3.0,0,1,0,3,1,0,1,0,0,0,0,36.8346533,10.129857933607912
985000.0,0,546.0,4.0,2.0,1,0,0,0,1,0,1,0,0,0,1,36.8852466,10.2438059
300000.0,1,150.0,4.0,2.0,0,0,1,0,0,0,0,0,0,0,0,36.8606537,10.2087006
539994.0,1,128.57,3.0,2.0,1,1,0,2,1,1,0,0,1,1,0,36.8348312,10.3181518
730000.0,0,330.0,6.0,4.0,0,1,0,1,1,0,1,0,0,0,0,36.8142752,10.1374251
320000.0,0,307.0,2.0,1.0,0,0,0,0,0,0,1,0,0,0,0,36.8010998,10.1095729
850000.0,0,404.0,9.0,3.0,0,0,0,3,0,0,0,0,0,0,0,36.8568947,10.1725737
450000.0,1,160.0,4.0,3.0,0,0,0,2,1,0,0,0,1,1,0,36.88266445,10.179112983298108
400000.0,0,220.0,2.0,1.0,0,0,0,2,0,0,0,0,0,0,0,36.8533475,10.1169734
95000.0,0,50.0,1.0,1.0,0,0,0,2,0,0,0,0,0,0,0,36.8059497,10.1624584
799999.0,0,413.0,5.0,1.0,0,0,0,1,0,0,0,0,0,0,0,36.767891,10.2724617
1150000.0,0,327.0,4.0,3.0,1,1,0,2,0,0,1,0,0,0,1,36.8142752,10.1374251
1750000.0,0,637.0,5.0,3.0,0,0,0,2,1,0,1,0,0,0,0,36.8790882,10.327678
600000.0,0,500.0,3.0,2.0,0,0,0,0,1,0,1,0,0,0,0,36.8166554,10.1108343
580000.0,0,486.0,5.0,2.0,0,1,0,2,0,0,0,0,0,0,0,36.8749751,10.2454267
360000.0,1,150.0,3.0,2.0,0,0,0,2,1,0,0,0,0,1,0,36.8749751,10.2454267
155000.0,0,130.0,6.0,2.0,0,0,1,2,1,0,0,0,0,0,0,36.8533475,10.1169734
162000.0,0,200.0,3.0,1.0,0,0,0,0,0,0,0,0,0,0,0,36.9535973,10.1891941
440000.0,0,388.0,4.0,3.0,1,1,0,2,1,0,1,0,1,1,0,36.8749751,10.2454267
850000.0,0,350.0,4.0,3.0,0,0,0,0,1,0,1,0,1,1,0,36.8749751,10.2454267
1500000000.0,0,453.0,6.0,3.0,0,0,0,0,1,0,0,0,0,1,0,36.83561325,10.158361532128072
340000.0,0,180.0,4.0,3.0,0,0,0,2,1,0,0,0,0,0,0,36.8606537,10.2087006
675000.0,0,423.0,7.0,3.0,0,1,1,1,1,0,1,0,1,0,0,36.8142752,10.1374251
250000.0,0,306.0,4.0,1.0,0,0,0,1,0,0,0,0,0,0,0,36.8297587,10.0128966
450000.0,0,250.0,7.0,3.0,0,0,0,3,0,0,0,0,0,0,0,36.6987224,10.1693582
190000.0,0,120.0,2.0,1.0,0,0,0,0,0,0,0,0,0,0,0,36.9535973,10.1891941
370000.0,0,317.0,7.0,2.0,0,0,0,0,0,0,0,0,0,0,0,36.8159313,10.101251490929902
380000.0,0,168.0,2.0,2.0,0,0,0,0,0,0,0,0,0,1,0,36.6987224,10.1693582
170000.0,1,131.0,2.0,1.0,0,0,0,0,0,0,1,0,0,0,0,36.8749751,10.2454267
1600000.0,0,491.0,8.0,2.0,0,0,0,2,1,0,0,0,0,1,0,36.8235494,10.1808024
1450000.0,0,250.0,7.0,4.0,0,0,0,2,1,0,1,0,0,0,0,36.8790882,10.327678
3500000.0,0,957.0,3.0,2.0,0,0,0,2,1,0,1,0,1,1,0,36.8548083,10.3309924
600000.0,0,465.0,3.0,1.0,0,0,0,0,0,0,0,0,0,0,0,36.7740793,10.1858864
600000.0,0,270.0,3.0,3.0,0,0,0,0,1,0,1,0,0,0,0,36.8749751,10.2454267
480000.0,0,350.0,4.0,4.0,0,1,0,3,1,0,0,0,1,1,0,36.68123,10.3784719
1300000.0,0,292.0,7.0,5.0,0,1,0,2,1,0,1,0,0,0,1,36.8749751,10.2454267
400000.0,0,400.0,4.0,1.0,0,0,0,0,1,0,0,0,0,0,0,36.7271754,10.2096871
800000.0,0,225.0,5.0,2.0,0,0,0,1,0,0,0,0,0,0,0,36.8142752,10.1374251
800000.0,0,413.0,8.0,2.0,0,0,0,1,0,0,0,0,0,0,0,36.767891,10.2724617
5400000.0,0,795.0,5.0,2.0,0,0,0,0,0,0,1,0,0,0,0,36.8548083,10.3309924
1200000.0,0,690.0,7.0,2.0,0,1,1,2,1,0,1,0,0,0,0,36.8010998,10.1095729
295000.0,0,200.0,6.0,3.0,0,1,0,3,1,0,1,0,0,0,0,36.8492607,9.9353189
750000.0,0,597.0,6.0,4.0,0,0,0,2,1,0,1,0,0,0,0,36.68123,10.3784719
790000.0,0,418.0,7.0,4.0,0,0,0,2,1,0,0,0,0,0,0,36.68123,10.3784719
529996.0,0,300.0,4.0,2.0,0,0,1,2,1,0,0,0,0,0,0,36.8346533,10.129857933607912
650000.0,0,520.0,6.0,2.0,0,1,0,2,1,0,1,1,0,0,0,36.68123,10.3784719
650000.0,0,500.0,8.0,4.0,0,0,0,2,0,0,0,0,0,0,0,36.88266445,10.179112983298108
150000000.0,0,106.0,4.0,2.0,0,0,0,2,0,0,0,0,0,0,0,35.15881,8.8307812
980000.0,0,480.0,4.0,2.0,0,0,0,0,0,0,1,0,0,0,0,36.9208825,10.1371088
780000.0,0,380.0,5.0,3.0,0,1,0,3,0,0,1,1,0,0,0,36.7404497,10.3029461
850000.0,0,503.0,7.0,5.0,0,0,0,2,0,0,1,0,1,1,0,36.8212581,10.1531771
1600000.0,0,450.0,5.0,3.0,0,1,0,2,1,0,1,0,0,0,0,36.8423974,10.1571247
3099998.0,0,672.0,5.0,5.0,0,0,0,3,1,0,1,0,0,0,1,36.8334618,10.1708613
1990000.0,0,500.0,6.0,4.0,0,1,0,2,1,0,0,0,1,1,1,36.8334618,10.1708613
1700000.0,0,616.0,8.0,3.0,1,0,0,1,1,0,1,0,1,1,0,36.8421942,10.1131594
600000.0,0,158.0,3.0,2.0,0,1,0,2,0,0,1,0,0,0,0,36.8491478,10.2639359
380000.0,0,441.0,5.0,3.0,0,1,0,0,0,0,0,0,0,0,0,36.8656931,10.1687265
680000.0,0,307.0,3.0,3.0,1,0,0,0,1,0,0,0,1,1,0,36.9685735,10.1219855
340000.0,0,180.0,4.0,2.0,0,0,0,2,0,0,0,0,0,0,0,36.719825,10.2192362
270000.0,0,130.0,2.0,1.0,0,0,0,0,0,0,0,0,0,0,0,36.7188,10.3377872
1000000.0,0,672.0,6.0,4.0,0,1,0,2,1,0,1,0,0,1,0,36.8512722,10.1852853
1900000.0,0,502.0,5.0,4.0,0,1,0,5,1,0,1,0,1,1,0,36.8512722,10.1852853
200000000.0,0,100.0,3.0,2.0,0,0,0,0,1,0,0,0,0,0,0,36.8338386,10.106146
270000.0,0,220.0,3.0,1.0,0,0,0,0,1,0,0,0,0,0,0,36.8270836,10.126886
250000.0,0,190.0,3.0,1.0,0,0,0,2,0,0,1,0,0,0,0,36.9535973,10.1891941
695000.0,0,480.0,7.0,4.0,0,0,0,3,0,0,0,0,0,0,0,36.8656931,10.1687265
390000.0,0,140.0,5.0,2.0,0,1,0,3,0,0,0,0,0,0,0,33.8439408,9.400138
450000.0,0,355.0,4.0,2.0,0,1,0,0,1,0,0,0,1,1,0,36.8656931,10.1687265
320000.0,0,180.0,5.0,2.0,0,0,0,2,0,0,0,0,0,0,0,36.832165,10.192716
200000000.0,0,100.0,3.0,2.0,0,0,0,0,1,0,0,0,0,0,0,36.8338386,10.106146
630000.0,0,417.0,4.0,2.0,0,0,0,0,1,0,0,0,0,0,0,36.8142752,10.1374251
1900000.0,0,500.0,5.0,4.0,0,1,0,2,1,0,0,0,1,1,1,36.8334618,10.1708613
349999.0,0,220.0,4.0,1.0,0,0,0,0,0,0,0,0,0,0,0,36.8237415,10.0960637
1990000.0,0,711.0,16.0,7.0,0,0,0,3,1,1,1,0,0,0,0,36.8421942,10.1131594
95000.0,0,122.0,1.0,1.0,0,0,0,0,0,0,1,0,0,0,0,36.6796879,10.1570438
780000.0,0,400.0,5.0,3.0,0,0,0,2,1,0,1,0,1,1,0,36.8606537,10.2087006
800000.0,0,700.0,8.0,4.0,0,0,0,2,0,0,0,0,0,0,0,36.9685735,10.1219855
600000.0,0,385.0,5.0,2.0,0,1,0,0,1,0,1,0,0,0,0,36.8142752,10.1374251
120000.0,0,240.0,2.0,1.0,0,0,0,0,0,0,0,0,0,0,0,36.7708432,10.1102505
1300000.0,0,380.0,8.0,3.0,0,0,0,2,0,0,1,0,0,0,0,36.8421942,10.1131594
330000.0,0,220.0,3.0,4.0,0,0,0,3,0,0,0,0,0,1,0,36.8790882,10.327678
210000.0,1,140.0,3.0,2.0,0,0,0,1,0,0,0,0,0,0,0,36.8336187,10.1471736
640000.0,0,411.0,3.0,2.0,0,0,0,0,1,0,0,0,1,1,1,36.8811985,10.211819
795000.0,0,400.0,9.0,5.0,0,0,0,3,0,0,0,0,0,0,0,36.8010998,10.1095729
495000.0,0,200.0,5.0,4.0,0,0,1,1,0,0,0,0,0,1,0,36.8491478,10.2639359
1050000.0,0,550.0,12.0,4.0,0,1,1,3,1,0,1,1,0,1,0,36.83561325,10.158361532128072
850000.0,0,880.0,6.0,5.0,0,0,0,0,0,0,1,0,0,0,0,36.8142752,10.1374251
850000.0,0,416.0,6.0,4.0,0,0,0,2,1,0,1,0,1,1,0,36.8749751,10.2454267
650000.0,0,400.0,3.0,2.0,0,1,0,0,1,0,1,0,0,0,0,36.8297587,10.0128966
2500000.0,0,900.0,10.0,7.0,0,0,0,4,1,1,1,1,0,0,1,36.9535973,10.1891941
1500000.0,0,600.0,10.0,5.0,1,0,0,3,1,0,1,1,0,0,0,36.8336187,10.1471736
650000.0,0,303.0,9.0,5.0,0,1,0,3,1,0,1,0,0,0,0,36.8142752,10.1374251
900000.0,0,320.0,4.0,2.0,1,1,0,1,1,0,1,0,0,0,0,36.767891,10.2724617
2900000.0,0,4000.0,7.0,4.0,1,0,0,0,1,0,1,0,0,0,1,36.9085108,10.0425496
450000.0,0,280.0,3.0,3.0,0,1,0,3,1,0,1,0,0,0,0,36.68123,10.3784719
150000.0,0,110.0,4.0,2.0,0,0,0,0,0,0,0,0,0,0,0,36.7818973,10.0617881
450000.0,0,200.0,9.0,1.0,0,0,0,3,0,0,0,0,0,0,0,36.9208825,10.1371088
650000.0,0,400.0,3.0,2.0,0,1,0,0,1,0,1,0,0,0,0,36.8297587,10.0128966
280000.0,1,131.0,4.0,2.0,0,0,0,2,1,0,0,0,0,0,0,36.88266445,10.179112983298108
920000.0,0,415.0,9.0,5.0,0,1,0,2,1,0,1,0,0,0,0,36.8142752,10.1374251
247000.0,0,185.0,4.0,1.0,0,0,0,0,1,0,0,0,0,0,0,36.6987224,10.1693582
350000.0,0,265.0,5.0,2.0,0,0,0,1,1,0,1,0,0,1,0,36.68123,10.3784719
80000.0,0,120.0,2.0,1.0,0,0,0,0,0,0,0,0,0,0,0,36.6796879,10.1570438
545000.0,0,250.0,8.0,2.0,0,0,1,2,0,0,0,0,0,0,0,36.788045,10.0918592
1100000.0,0,2500.0,6.0,7.0,0,0,0,0,1,0,0,0,0,0,0,36.8113307,10.0947037
150000.0,0,110.0,5.0,1.0,0,0,0,2,0,0,0,0,0,0,0,34.7360179,10.7605656
838000.0,0,544.0,3.0,2.0,0,0,0,0,0,0,0,0,0,0,0,36.9685735,10.1219855
80000.0,0,300.0,4.0,1.0,0,0,0,0,0,0,1,0,0,0,0,36.7708432,10.1102505
1650000.0,0,510.0,3.0,2.0,0,1,1,2,1,0,1,0,0,1,0,36.8334618,10.1708613
650000.0,0,500.0,4.0,2.0,0,0,0,2,0,0,0,0,0,0,0,36.88266445,10.179112983298108
517000.0,0,517.0,8.0,4.0,0,0,0,0,0,0,0,0,0,0,0,36.902,10.192
460000.0,0,230.0,7.0,2.0,0,0,0,2,1,0,0,0,0,0,0,36.9535973,10.1891941
880000.0,0,443.0,8.0,4.0,0,1,0,2,1,0,1,0,0,0,0,36.8142752,10.1374251
225000.0,0,200.0,4.0,2.0,0,1,0,0,1,0,1,0,1,1,0,36.9685735,10.1219855
390000.0,0,246.0,4.0,1.0,0,0,0,0,0,0,1,0,0,0,1,36.7847164,10.1662852
700000.0,0,378.0,7.0,1.0,0,0,0,2,1,0,1,0,0,0,0,36.7703354,10.2315885
1560000.0,1,312.0,3.0,3.0,0,1,0,2,1,0,0,0,1,1,0,36.8455252,10.2708553
650000.0,0,500.0,8.0,4.0,0,0,0,2,0,0,0,0,0,0,0,36.88266445,10.179112983298108
290000.0,0,143.0,3.0,1.0,0,1,0,0,1,0,0,0,0,0,0,36.8142752,10.1374251
370000.0,0,299.0,5.0,2.0,0,0,0,2,1,0,0,0,0,1,0,36.68123,10.3784719
890000.0,0,400.0,9.0,5.0,0,1,0,2,1,0,1,0,0,0,0,36.788045,10.0918592
1600000.0,0,575.0,5.0,3.0,0,0,0,2,0,0,0,0,0,0,0,36.8423974,10.1571247
540000.0,0,345.0,4.0,1.0,0,1,0,0,1,0,1,0,0,0,0,36.8113307,10.0947037
800000.0,1,280.0,6.0,4.0,1,0,0,3,0,0,1,0,0,0,0,36.8749751,10.2454267
1500000.0,0,1220.0,10.0,5.0,1,1,0,4,1,0,1,0,0,0,0,36.7897886,10.1707683
80000000.0,0,150.0,2.0,1.0,0,0,0,0,0,0,0,0,0,0,0,36.9535973,10.1891941
320000.0,0,500.0,4.0,2.0,0,0,0,0,0,0,1,0,0,0,0,33.8439408,9.400138
980000.0,0,634.0,5.0,4.0,0,1,0,2,0,0,0,0,0,0,0,36.8749751,10.2454267
510000.0,0,395.0,3.0,2.0,0,1,0,0,0,0,0,0,1,1,0,36.68123,10.3784719
320000.0,0,180.0,5.0,1.0,0,0,0,2,1,0,0,0,0,0,0,36.7818973,10.0617881
460000.0,1,170.0,4.0,2.0,0,1,1,2,1,0,1,0,1,1,0,36.767891,10.2724617
650000.0,0,498.0,7.0,2.0,0,0,0,2,1,0,1,0,0,0,0,36.742946,10.2507635
11800000.0,0,2500.0,8.0,6.0,0,0,0,2,1,0,0,1,0,0,1,36.8710935,10.3490516
540000.0,0,184.0,3.0,1.0,0,0,0,0,0,0,1,0,0,0,0,36.767891,10.2724617
300000.0,0,160.0,3.0,2.0,0,0,0,0,0,0,0,0,1,1,0,36.767891,10.2724617
850000.0,0,480.0,13.0,3.0,0,1,1,2,0,0,0,0,0,0,0,36.8606537,10.2087006
449000.0,0,336.0,8.0,4.0,0,0,0,2,1,0,1,0,0,1,0,36.8790882,10.327678
500000.0,0,208.0,4.0,2.0,0,0,0,2,0,0,0,0,0,0,0,33.8439408,9.400138
150000.0,1,100.0,3.0,1.0,0,0,0,2,1,0,0,0,0,0,0,36.6796879,10.1570438
360000.0,1,265.0,6.0,1.0,0,0,0,0,0,0,0,0,0,0,0,36.8606537,10.2087006
650000.0,0,498.0,7.0,2.0,0,0,0,1,1,0,1,0,0,0,0,36.742946,10.2507635
400000.0,0,200.0,7.0,3.0,0,1,0,3,0,0,0,0,0,0,0,36.767891,10.2724617
170000.0,0,160.0,4.0,2.0,0,0,0,2,0,0,0,0,0,0,0,33.8439408,9.400138
1200000.0,0,400.0,5.0,3.0,0,0,0,2,0,0,1,0,0,0,1,36.8749751,10.2454267
800000.0,0,413.0,8.0,6.0,0,0,0,1,0,0,0,0,0,0,0,36.767891,10.2724617
1150000.0,0,450.0,7.0,5.0,0,1,0,2,1,0,1,0,0,1,0,36.83561325,10.158361532128072
305000.0,0,140.0,2.0,1.0,1,1,0,1,0,0,0,0,1,1,0,36.7404497,10.3029461
1480000.0,0,465.0,4.0,3.0,0,1,0,1,0,0,1,0,1,1,1,36.8749751,10.2454267
220000.0,0,140.0,3.0,1.0,0,0,0,1,0,0,0,0,0,0,0,36.7188,10.3377872
1000000.0,1,284.0,5.0,3.0,0,1,0,3,1,1,0,0,1,1,1,36.9051527,10.2982512
180000.0,0,100.0,5.0,2.0,0,0,0,2,1,0,0,0,0,0,0,36.7189536,10.3642733
350000.0,0,480.0,6.0,1.0,0,0,0,0,0,0,0,0,0,0,0,35.15881,8.8307812
800000.0,0,485.0,6.0,2.0,0,0,0,0,1,0,0,0,0,0,0,36.7188,10.3377872
300000.0,0,170.0,5.0,1.0,0,0,0,0,0,0,0,0,0,1,0,33.8439408,9.400138
220000.0,0,200.0,4.0,1.0,0,0,0,0,0,0,0,0,0,0,0,36.7847055,10.1800669
1269000.0,0,500.0,5.0,3.0,1,1,0,2,0,0,1,0,1,0,0,36.8811985,10.211819
360000.0,0,227.0,4.0,1.0,0,0,0,0,1,0,1,0,0,0,0,36.8749751,10.2454267
990000.0,0,440.0,6.0,4.0,0,1,1,3,1,0,1,0,0,0,0,36.8668995,10.15447030677053
800000.0,0,330.0,5.0,4.0,0,0,0,3,0,0,1,0,1,1,0,36.83561325,10.158361532128072
730000.0,0,500.0,6.0,2.0,1,0,0,2,1,0,1,0,1,1,0,36.8142752,10.1374251
670000.0,0,325.0,8.0,2.0,0,1,0,2,1,0,1,0,0,0,0,36.8142752,10.1374251
720000.0,0,180.0,6.0,5.0,0,1,0,2,0,0,0,0,0,1,0,36.8142752,10.1374251
495000.0,0,615.0,3.0,2.0,0,1,0,0,1,0,1,0,0,0,0,36.8142752,10.1374251
1450000.0,0,600.0,7.0,1450000.0,0,1,0,2,1,0,1,0,0,1,0,36.848456150000004,10.163424432628062
2400000.0,0,740.0,6.0,6.0,0,0,0,0,1,0,1,0,0,0,1,36.9051527,10.2982512
1190000.0,0,556.0,8.0,5.0,0,1,0,3,0,0,0,0,0,0,0,36.8668995,10.15447030677053
1500000.0,0,430.0,4.0,5.0,1,0,0,3,1,1,1,0,1,1,1,36.8749751,10.2454267
780000.0,0,500.0,8.0,5.0,0,1,0,2,1,0,1,0,0,0,0,36.88266445,10.179112983298108
120000.0,0,120.0,5.0,1.0,0,0,0,0,0,0,0,0,0,0,0,36.788045,10.0918592
3200000.0,0,1250.0,8.0,6.0,0,0,0,2,1,0,0,0,0,0,0,36.8790882,10.327678
720000.0,0,348.0,3.0,3.0,1,0,0,2,0,0,1,0,0,0,0,33.8439408,9.400138
450000000.0,0,612.0,6.0,3.0,0,0,0,3,0,0,0,0,0,0,0,36.7189536,10.3642733
650000.0,0,343.0,3.0,5.0,0,1,0,3,1,0,0,0,0,0,0,36.8297587,10.0128966
1630000.0,0,705.0,10.0,4.0,1,0,0,2,1,0,1,0,0,0,0,36.8852466,10.2438059
740000.0,0,380.0,12.0,6.0,0,1,0,3,1,0,1,0,0,0,0,36.8113307,10.0947037
1200000.0,0,420.0,2.0,2.0,0,0,0,0,0,0,0,0,0,0,0,36.8548083,10.3309924
375000.0,0,315.0,3.0,1.0,0,0,0,1,1,0,1,0,0,0,0,36.9535973,10.1891941
150000000.0,0,150.0,4.0,3.0,0,0,0,2,0,0,0,0,0,0,0,36.9685735,10.1219855
450000.0,0,220.0,3.0,2.0,0,0,0,2,1,0,0,0,0,0,0,35.15881,8.8307812
2499000.0,0,547.0,3.0,3.0,0,0,0,1,1,0,1,0,0,0,1,36.8440263,10.1890857
450000.0,1,187.0,4.0,2.0,0,1,0,2,1,0,0,0,0,0,0,36.8142752,10.1374251
990000.0,0,500.0,4.0,3.0,1,1,0,2,1,0,0,1,0,0,0,36.7189536,10.3642733
1200000.0,0,529.0,7.0,4.0,0,1,0,2,1,0,0,0,1,1,1,36.7189536,10.3642733
248000.0,0,190.0,4.0,2.0,0,1,0,2,1,0,0,0,0,0,0,36.6987224,10.1693582
3500000.0,1,200.0,3.0,2.0,0,0,0,2,0,0,1,0,0,0,0,36.8710935,10.3490516
500000.0,0,323.0,3.0,1.0,0,1,0,0,1,0,0,0,0,0,0,36.8133756,10.2930588
350000.0,0,297.0,2.0,1.0,0,1,0,0,1,0,0,0,0,0,0,36.8142752,10.1374251
880000.0,0,404.0,9.0,4.0,0,0,0,0,0,0,0,0,0,0,0,36.8568947,10.1725737
1137497.0,0,339.0,3.0,3.0,0,1,1,3,1,0,0,0,1,1,1,36.8811985,10.211819
195000.0,0,124.0,5.0,3.0,0,0,0,2,0,0,0,0,0,0,0,36.7708432,10.1102505
120000.0,0,100.0,4.0,2.0,0,0,0,0,0,0,0,0,0,0,0,36.7708432,10.1102505
740000.0,0,518.0,5.0,2.0,0,1,0,3,1,0,1,1,0,0,0,36.7189536,10.3642733
450000.0,0,300.0,10.0,4.0,0,0,1,3,1,0,0,0,0,1,0,36.716605,10.204891
525000.0,1,160.0,4.0,24.0,0,1,0,0,0,0,0,0,0,0,0,36.8491478,10.2639359
235000.0,0,115.0,2.0,1.0,0,0,0,0,1,0,0,0,0,0,0,36.8270836,10.126886
300000.0,1,118.0,3.0,2.0,0,0,1,2,0,0,1,0,0,0,0,36.8346533,10.129857933607912
200000.0,0,115.0,3.0,1.0,0,0,0,2,0,0,0,0,0,0,0,36.9208825,10.1371088
170000.0,0,200.0,3.0,1.0,0,0,0,0,1,0,1,0,0,0,0,36.7708432,10.1102505
370000.0,0,200.0,3.0,2.0,0,0,1,0,1,0,1,0,0,0,0,36.6987224,10.1693582
300000.0,0,220.0,5.0,1.0,0,0,0,0,0,0,0,0,0,0,0,35.15881,8.8307812
950000.0,0,300.0,4.0,3.0,0,1,0,3,1,0,0,1,0,0,0,36.8348312,10.3181518
260000.0,0,200.0,2.0,1.0,0,0,0,0,0,0,1,0,0,0,0,36.902,10.192
520000.0,0,322.0,4.0,2.0,0,0,0,0,1,0,0,0,1,1,0,36.8815146,10.170871
480000.0,1,200.0,3.0,2.0,1,0,1,2,1,0,1,0,1,1,0,36.767891,10.2724617
365000.0,0,204.0,4.0,2.0,0,1,0,0,0,0,0,0,0,0,0,36.788045,10.0918592
550000.0,0,500.0,4.0,2.0,0,0,0,0,1,0,1,0,0,1,1,36.7571648,10.014927
450000.0,0,164.0,6.0,2.0,0,0,0,0,0,0,0,0,0,0,0,34.7360179,10.7605656
670000.0,0,344.0,3.0,3.0,1,0,0,0,1,0,1,0,1,1,0,36.8790882,10.327678
450000.0,0,350.0,7.0,2.0,0,0,0,2,1,0,1,0,0,0,0,36.8338386,10.106146
3500000.0,0,957.0,6.0,4.0,0,0,0,2,1,0,1,0,1,1,0,36.8548083,10.3309924
750000.0,0,600.0,2.0,2.0,1,1,0,4,1,0,1,0,1,1,0,36.9685735,10.1219855
540000.0,0,388.0,4.0,2.0,0,1,0,0,1,0,1,0,0,0,0,36.8142752,10.1374251
1200000.0,0,374.0,8.0,3.0,0,0,0,3,1,0,0,1,0,0,0,36.83561325,10.158361532128072
410000.0,0,147.0,4.0,1.0,0,0,0,2,0,0,0,0,0,0,0,36.8142752,10.1374251
850000.0,0,500.0,5.0,2.0,0,1,0,3,0,0,0,0,0,0,0,36.767891,10.2724617
250000.0,0,100.0,6.0,2.0,0,0,0,3,0,0,0,0,0,0,0,36.6987224,10.1693582
350000.0,0,300.0,7.0,4.0,0,1,1,2,1,0,0,0,0,0,0,36.7708432,10.1102505
680000.0,0,400.0,3.0,2.0,0,0,0,0,1,0,1,0,0,0,0,36.767891,10.2724617
130000.0,0,130.0,2.0,1.0,0,0,0,0,0,0,1,0,0,0,0,36.6796879,10.1570438
200000000.0,0,113.0,8.0,2.0,0,0,0,2,0,0,0,0,0,0,0,36.7720813,10.1820551
1350000.0,0,450.0,5.0,4.0,0,0,1,2,1,0,1,0,0,0,0,36.8790882,10.327678
210000.0,0,300.0,4.0,2.0,0,0,0,0,0,0,1,0,0,0,0,36.6987224,10.1693582
265000.0,0,260.0,3.0,2.0,0,1,0,0,0,0,0,0,0,0,0,35.15881,8.8307812
300000.0,0,134.0,3.0,2.0,0,0,0,2,0,0,0,0,0,0,0,36.8346533,10.129857933607912
990000.0,0,762.0,5.0,2.0,0,0,0,0,1,0,1,0,0,0,0,36.8133756,10.2930588
250000.0,0,80.0,2.0,1.0,0,0,0,0,0,0,0,0,0,0,0,36.8790882,10.327678
250000.0,0,188.0,5.0,2.0,0,1,0,2,1,0,0,0,0,0,0,36.8346533,10.129857933607912
1800000.0,0,400.0,6.0,4.0,0,0,0,2,0,0,1,0,0,0,0,36.8815146,10.170871
350000.0,0,160.0,3.0,2.0,0,0,0,1,0,0,0,0,1,1,0,36.88266445,10.179112983298108
320000.0,1,141.0,3.0,1.0,0,0,0,2,0,0,0,0,0,1,0,36.8142752,10.1374251
720000.0,0,414.0,7.0,3.0,1,0,1,1,0,0,1,0,0,0,0,36.8142752,10.1374251
400000.0,0,135.0,5.0,3.0,1,1,0,1,1,0,0,0,0,0,0,36.8270836,10.126886
550000.0,0,145.0,7.0,3.0,1,0,0,3,0,0,0,0,0,0,0,36.8212581,10.1531771
950000.0,0,720.0,7.0,3.0,0,0,1,2,1,0,1,0,0,0,0,36.8142752,10.1374251
1425000.0,0,500.0,4.0,3.0,0,0,0,0,0,0,0,0,0,0,0,36.8440263,10.1890857
95000.0,1,74.0,3.0,1.0,0,0,0,0,0,0,0,0,0,0,0,33.8439408,9.400138
850000.0,0,300.0,5.0,3.0,0,0,0,2,1,0,1,0,1,0,1,36.8749751,10.2454267
800000.0,0,360.0,7.0,2.0,0,0,0,2,0,0,0,0,0,0,0,36.9208825,10.1371088
1150000.0,0,599.0,12.0,3.0,0,0,0,2,1,0,1,0,0,0,0,36.8541206,10.1626718
680000.0,0,400.0,6.0,2.0,0,1,0,2,1,0,1,0,0,0,0,36.8142752,10.1374251
740000.0,0,335.0,6.0,3.0,0,1,1,2,1,0,0,0,0,0,0,36.68123,10.3784719
480000.0,0,369.0,3.0,1.0,0,0,0,0,0,0,0,0,0,0,0,36.9685735,10.1219855
680000.0,0,400.0,6.0,2.0,0,1,0,2,1,0,1,0,0,0,0,36.8142752,10.1374251
29665731.0,0,150.0,5.0,2.0,0,0,0,2,0,0,0,0,0,0,0,36.7720813,10.1820551
130000.0,0,130.0,3.0,1.0,0,1,0,1,0,0,0,0,0,0,0,36.6796879,10.1570438
750000.0,0,310.0,4.0,3.0,1,0,0,2,1,0,1,0,0,0,0,36.8421942,10.1131594
790000.0,0,250.0,4.0,4.0,0,0,1,3,1,0,1,0,1,1,0,36.9208825,10.1371088
760000.0,0,550.0,4.0,5.0,0,0,0,3,1,0,1,0,1,1,0,36.9208825,10.1371088
360000.0,0,280.0,4.0,1.0,0,0,0,0,1,0,1,0,0,0,0,36.88266445,10.179112983298108
845000.0,0,420.0,4.0,2.0,0,1,0,0,1,0,1,0,0,0,0,36.8815146,10.170871
70000.0,0,100.0,3.0,1.0,0,0,0,0,0,0,0,0,0,0,0,36.6796879,10.1570438
90000.0,0,90.0,2.0,1.0,0,0,0,0,0,0,0,0,0,0,0,36.6796879,10.1570438
320000.0,0,141.0,3.0,1.0,0,0,0,2,0,0,0,0,0,1,0,36.8142752,10.1374251
170000.0,0,200.0,4.0,1.0,0,0,0,0,0,0,0,0,0,0,0,36.8059497,10.1624584
2000000.0,0,410.0,3.0,2.0,0,0,0,0,0,0,1,0,0,0,0,36.8601075,10.2898885
550000.0,0,220.0,3.0,3.0,0,1,0,2,0,0,0,0,1,1,0,36.8668995,10.15447030677053
297000.0,0,112.0,7.0,3.0,0,0,0,2,1,0,0,0,0,1,0,36.7404497,10.3029461
195000.0,0,124.0,5.0,4.0,0,0,0,2,0,0,0,0,0,0,0,36.7708432,10.1102505
4100000.0,0,1080.0,8.0,1.0,0,0,0,3,1,0,1,0,0,0,0,36.8548083,10.3309924
720000.0,0,805.0,3.0,3.0,0,0,0,1,1,0,1,0,1,1,0,36.8811985,10.211819
1150000.0,0,550.0,6.0,5.0,0,1,0,2,1,0,1,0,0,0,1,36.8133756,10.2930588
20236000.0,0,300.0,4.0,4.0,0,1,1,0,1,0,0,0,0,0,0,36.8815146,10.170871
230000.0,1,210.0,5.0,4.0,0,1,1,2,1,0,0,0,1,1,0,36.8606537,10.2087006
200000.0,0,80.0,2.0,1.0,0,0,0,0,0,0,0,0,0,0,0,36.8548305,10.2847586
6000000.0,0,530.0,6.0,5.0,0,0,0,2,0,0,1,0,1,0,1,36.8749751,10.2454267
280000.0,0,156.0,4.0,1.0,0,0,0,0,0,0,1,0,0,1,0,36.9208825,10.1371088
2150000.0,0,1020.0,4.0,5.0,0,0,1,2,0,0,1,0,1,1,1,36.8815146,10.170871
485000.0,1,225.0,3.0,1.0,0,0,0,0,0,0,1,0,0,0,0,36.9051527,10.2982512
1250000.0,0,256.0,3.0,3.0,0,0,0,0,0,0,1,0,0,0,0,36.8601075,10.2898885
1050000.0,0,490.0,4.0,4.0,0,1,0,0,0,0,1,0,0,0,0,36.8512722,10.1852853
890000.0,0,265.0,3.0,2.0,0,0,0,3,1,0,1,0,0,0,1,36.8790882,10.327678
1180000.0,0,347.0,5.0,2.0,0,0,0,2,0,0,1,0,1,1,1,36.8142752,10.1374251
460000.0,0,164.0,3.0,2.0,0,0,0,0,0,0,0,1,1,1,0,36.7188,10.3377872
4250000.0,0,910.0,6.0,4.0,1,1,0,2,1,0,1,0,0,0,1,36.9051527,10.2982512
900000.0,0,170.0,3.0,2.0,0,1,0,2,0,0,0,0,0,0,0,36.8548083,10.3309924
950000.0,0,505.0,8.0,4.0,0,0,0,2,0,0,0,0,0,0,0,36.8212581,10.1531771
420000.0,1,100.0,5.0,3.0,0,0,1,3,1,0,0,0,0,0,0,36.7271754,10.2096871
2900000.0,0,1000.0,5.0,6.0,1,0,0,0,0,0,0,0,1,0,1,36.9208825,10.1371088
212000.0,0,101.0,2.0,1.0,0,0,0,0,0,0,0,0,0,0,0,36.8348312,10.3181518
245000000.0,1,78.0,4.0,2.0,0,0,0,2,0,0,0,0,0,0,0,36.8491478,10.2639359
4000000000.0,0,500.0,3.0,1.0,0,0,0,0,1,0,0,0,0,0,0,36.8133756,10.2930588
690000000.0,0,410.0,4.0,2.0,0,0,0,0,1,0,0,0,0,0,0,36.8142752,10.1374251
195000.0,0,124.0,5.0,3.0,0,1,0,2,0,0,0,0,0,0,0,36.7708432,10.1102505
70000.0,0,85.0,3.0,1.0,0,0,0,2,1,0,0,0,0,0,0,36.9085108,10.0425496
1350000.0,0,600.0,6.0,4.0,0,1,0,2,0,0,1,0,0,1,0,36.83561325,10.158361532128072
370000.0,0,170.0,12.0,4.0,0,0,0,0,0,0,0,0,0,0,0,36.742946,10.2507635
52290860.0,0,110.0,4.0,2.0,0,0,0,2,0,0,0,0,0,0,0,35.15881,8.8307812
720000.0,0,330.0,4.0,1.0,0,1,0,2,0,0,1,0,0,0,0,36.587213299999995,10.2437597
530000.0,0,280.0,4.0,2.0,0,0,1,2,1,0,0,0,0,0,0,36.68123,10.3784719
850000.0,0,200.0,4.0,3.0,0,0,0,0,1,0,1,0,1,1,0,36.8606537,10.2087006
1150000.0,0,480.0,5.0,3.0,0,1,0,3,1,0,1,0,1,1,0,36.8668995,10.15447030677053
650000.0,0,500.0,8.0,4.0,0,0,0,2,0,0,0,0,0,0,0,36.88266445,10.179112983298108
395000.0,0,198.0,3.0,1.0,0,0,0,0,1,0,1,0,1,0,0,36.68123,10.3784719
150000.0,0,166.0,4.0,2.0,0,0,0,2,0,0,0,0,1,0,0,36.8297587,10.0128966
830000.0,0,230.0,4.0,3.0,0,0,0,0,0,0,1,0,0,0,0,36.587213299999995,10.2437597
480000.0,0,230.0,5.0,3.0,0,1,0,2,1,0,0,0,1,0,0,36.8749751,10.2454267
750000.0,0,210.0,3.0,3.0,0,1,0,2,1,0,1,0,1,1,0,36.88266445,10.179112983298108
275000.0,0,145.0,4.0,1.0,0,0,0,0,0,0,1,0,0,0,0,36.788045,10.0918592
320000.0,0,156.0,8.0,3.0,0,0,0,3,0,0,0,0,0,0,0,36.8338386,10.106146
1900000.0,0,816.0,6.0,3.0,0,0,0,2,1,0,1,0,1,1,0,36.8334618,10.1708613
1320000.0,0,620.0,5.0,3.0,0,0,1,2,1,0,1,0,1,1,0,36.8749751,10.2454267
1280000.0,0,440.0,4.0,3.0,1,1,0,2,1,0,1,0,1,1,0,36.8815146,10.170871
90000.0,0,110.0,3.0,1.0,0,0,0,0,0,0,0,0,0,0,0,36.9535973,10.1891941
300000.0,0,257.0,5.0,2.0,0,0,0,2,1,0,1,0,0,0,0,36.8338386,10.106146
380000.0,0,210.0,6.0,3.0,0,0,0,2,1,0,0,0,0,0,0,36.8533475,10.1169734
600000.0,0,325.0,4.0,3.0,0,0,0,0,0,0,0,0,0,0,0,36.9685735,10.1219855
245000.0,0,113.0,2.0,1.0,0,0,0,0,0,0,0,0,0,0,0,36.8159278,10.3042378
1400000.0,0,700.0,5.0,4.0,1,1,0,2,0,0,1,0,1,1,1,36.8548083,10.3309924
385000.0,0,330.0,4.0,3.0,0,0,0,3,1,0,1,0,0,0,0,36.8133756,10.2930588
620000.0,0,225.0,4.0,3.0,0,0,0,2,1,0,1,0,0,1,0,36.8790882,10.327678
33333.0,0,130.0,6.0,3.0,0,0,0,2,1,0,0,0,0,0,0,36.9685735,10.1219855
900000000.0,0,910.0,5.0,3.0,0,0,0,0,0,0,0,0,0,0,1,36.9208825,10.1371088
420000.0,0,300.0,6.0,5.0,0,0,0,2,1,0,1,0,0,0,0,36.9535973,10.1891941
275000.0,0,300.0,5.0,3.0,0,0,0,0,0,0,0,0,0,0,0,36.9208825,10.1371088
460000.0,0,164.0,3.0,2.0,0,0,0,0,0,0,0,1,1,1,0,36.7188,10.3377872
620000.0,0,614.0,5.0,3.0,0,0,0,2,0,0,0,0,0,0,1,36.587213299999995,10.2437597
520000.0,1,140.0,4.0,3.0,0,1,0,3,1,0,0,1,1,1,1,36.8790882,10.327678
460001.0,0,164.0,3.0,1.0,0,0,0,0,0,0,0,1,1,1,0,36.7188,10.3377872
560000.0,1,207.0,4.0,3.0,0,0,0,0,0,0,0,0,1,1,0,36.8491478,10.2639359
550000.0,1,257.0,5.0,3.0,0,1,0,2,1,0,1,0,0,0,0,36.9535973,10.1891941
648000.0,0,410.0,5.0,4.0,0,0,0,2,1,0,0,0,0,0,0,36.7404497,10.3029461
300000.0,1,92.0,3.0,2.0,0,1,0,2,0,0,0,0,1,1,0,36.8142752,10.1374251
670000.0,0,460.0,5.0,3.0,1,1,0,0,1,0,1,0,0,0,1,36.8811985,10.211819
1800000.0,0,223.0,5.0,2.0,1,0,0,3,1,0,1,0,1,1,1,36.8601075,10.2898885
1080000.0,0,600.0,8.0,3.0,0,0,0,0,0,0,0,0,0,0,0,36.83561325,10.158361532128072
450000.0,0,325.0,4.0,1.0,0,0,0,0,1,0,0,0,0,0,0,36.9685735,10.1219855
150000000.0,0,150.0,2.0,1.0,0,0,0,0,0,0,0,0,0,0,0,36.8749751,10.2454267
450000.0,0,400.0,4.0,1.0,0,0,0,0,1,0,0,0,0,0,0,36.88266445,10.179112983298108
800000.0,1,200.0,4.0,2.0,0,0,1,2,1,0,1,0,0,0,0,36.9051527,10.2982512
480000.0,0,345.0,3.0,1.0,0,0,0,0,1,0,1,0,0,0,0,36.8113307,10.0947037
199000.0,0,96.0,2.0,1.0,0,0,0,0,1,0,0,0,0,0,0,36.8348312,10.3181518
29705907.0,0,400.0,8.0,4.0,0,0,0,0,0,0,0,0,0,0,0,36.6987224,10.1693582
285000.0,0,120.0,3.0,2.0,0,0,0,1,0,0,0,0,0,0,0,36.8059497,10.1624584
470000.0,0,372.0,5.0,4.0,0,1,0,1,1,0,1,0,0,0,0,36.8142752,10.1374251
390000.0,0,300.0,2.0,1.0,0,1,0,0,1,0,1,0,0,0,0,36.7708432,10.1102505
480000.0,0,368.0,2.0,1.0,0,0,0,0,0,0,1,0,0,0,0,36.88266445,10.179112983298108
880000.0,0,350.0,7.0,3.0,0,0,0,2,1,0,0,0,0,0,1,36.8421942,10.1131594
830000.0,1,188.0,3.0,4.0,1,0,0,0,1,0,1,0,1,0,0,36.8811985,10.211819
870000.0,1,243.0,3.0,3.0,0,0,0,3,0,0,1,0,1,1,0,36.8790882,10.327678
850000.0,0,442.0,2.0,1.0,0,1,0,0,1,0,1,0,0,0,0,36.8166554,10.1108343
143000.0,0,111.0,3.0,1.0,1,1,0,0,0,0,0,1,0,0,0,36.7188,10.3377872
1690000.0,0,530.0,6.0,6.0,0,1,0,3,1,0,0,0,1,1,1,36.9208825,10.1371088
1000000.0,1,302.0,6.0,3.0,0,0,0,0,0,0,0,0,1,1,0,36.8790882,10.327678
450000.0,1,167.0,4.0,2.0,0,1,1,3,1,0,0,0,0,1,0,36.88266445,10.179112983298108
395000.0,0,240.0,3.0,1.0,0,0,0,0,1,0,1,0,0,0,0,36.88266445,10.179112983298108
170000.0,0,86.0,4.0,2.0,0,0,0,2,0,0,0,0,0,0,0,33.8439408,9.400138
170000.0,0,240.0,3.0,1.0,0,0,0,0,0,0,1,0,0,0,0,36.8113307,10.0947037
900000.0,0,400.0,4.0,2.0,0,0,0,1,0,0,0,0,0,0,0,36.8421942,10.1131594
150000.0,0,150.0,2.0,1.0,0,0,0,0,1,0,1,0,0,0,0,36.8533475,10.1169734
676600.0,0,342.0,6.0,3.0,0,1,0,3,1,0,0,0,1,1,0,35.15881,8.8307812
850000.0,0,270.0,3.0,2.0,0,1,0,0,1,0,1,0,0,0,0,36.8790882,10.327678
550000.0,0,500.0,3.0,2.0,0,1,0,0,1,0,1,0,0,0,1,36.8113307,10.0947037
560000.0,0,452.0,4.0,1.0,0,0,0,0,0,0,0,0,0,0,0,36.73075,10.1990718
790000.0,0,300.0,3.0,3.0,0,0,0,2,1,0,1,0,0,0,1,36.8749751,10.2454267
460000.0,0,164.0,3.0,1.0,0,0,0,0,0,0,0,0,1,1,0,36.7188,10.3377872
395000.0,0,1000.0,5.0,2.0,0,0,0,0,1,0,1,0,0,0,0,36.8492607,9.9353189
699999.0,0,220.0,5.0,3.0,0,1,1,3,1,0,1,0,0,0,0,36.88266445,10.179112983298108
1200000.0,0,525.0,6.0,4.0,0,0,0,2,0,0,0,0,0,0,0,36.8491513,10.1745134
360000.0,0,800.0,6.0,2.0,0,1,0,0,1,0,0,0,0,0,0,36.6796879,10.1570438
580000.0,0,120.0,3.0,2.0,0,0,0,2,1,0,1,0,0,0,0,36.8790882,10.327678
220000.0,0,100.0,5.0,3.0,0,0,0,2,0,0,0,0,0,0,0,36.7818973,10.0617881
340000.0,0,160.0,3.0,2.0,1,0,1,2,1,0,0,0,1,1,0,36.716605,10.204891
900000.0,0,500.0,11.0,4.0,1,0,0,2,0,0,1,0,0,0,0,36.7271754,10.2096871
265000.0,0,300.0,5.0,3.0,0,0,0,0,0,0,0,0,0,0,0,36.9208825,10.1371088
395000.0,1,101.0,3.0,3.0,0,1,0,0,1,0,0,0,0,0,0,36.5370176,10.1556591
180000.0,0,195.0,6.0,3.0,0,0,0,2,1,0,0,0,0,0,0,36.9535973,10.1891941
360000.0,0,200.0,5.0,2.0,0,0,0,2,0,0,0,0,0,0,0,36.8348312,10.3181518
235000.0,0,196.0,3.0,1.0,0,0,0,0,1,0,0,0,0,0,0,36.7708432,10.1102505
750000.0,0,460.0,4.0,2.0,0,0,1,2,1,0,1,0,0,0,0,36.7703354,10.2315885
380000.0,0,200.0,2.0,1.0,0,1,0,0,0,0,1,0,0,0,0,36.8159278,10.3042378
24570011.0,0,285.0,4.0,2.0,0,0,0,0,0,0,0,0,0,0,0,33.8439408,9.400138
140000.0,0,250.0,3.0,1.0,0,0,0,0,1,0,0,0,0,0,0,36.7571648,10.014927
2500000.0,0,652.0,7.0,3.0,0,0,0,3,1,0,1,0,0,0,0,36.8601075,10.2898885
860000.0,1,224.0,3.0,3.0,1,0,1,2,1,0,1,0,1,1,0,36.8811985,10.211819
685000.0,0,160.0,3.0,1.0,0,0,0,0,0,0,1,0,1,0,0,36.8348312,10.3181518
900000.0,0,370.0,7.0,2.0,0,0,0,2,1,0,1,0,0,0,0,36.8548083,10.3309924
90000.0,0,160.0,3.0,1.0,0,0,0,0,0,0,1,0,0,0,0,36.6758703,9.848723202133975
720000.0,0,414.0,7.0,3.0,1,0,1,2,0,0,1,0,0,0,0,36.8142752,10.1374251
6000000.0,0,5000.0,9.0,6.0,0,0,0,2,0,0,1,0,1,0,1,36.8749751,10.2454267
170000.0,0,140.0,1.0,1.0,0,0,0,0,0,0,1,0,0,0,0,33.8439408,9.400138
350000.0,0,130.0,2.0,2.0,0,0,0,0,0,0,0,0,0,0,0,36.8010998,10.1095729
400000.0,1,108.0,6.0,2.0,0,0,0,2,0,0,0,0,0,0,0,36.8548083,10.3309924
700000.0,0,213.0,7.0,2.0,1,1,0,1,0,0,0,0,0,1,0,36.8010998,10.1095729
350000.0,0,200.0,3.0,2.0,0,1,1,2,0,0,0,0,1,1,0,36.8512722,10.1852853
27303400.0,1,110.0,2.0,1.0,0,0,0,1,1,0,1,0,0,0,0,36.719825,10.2192362
330000.0,0,290.0,7.0,3.0,0,0,0,2,1,0,0,0,0,0,0,36.88266445,10.179112983298108
700000.0,0,363.0,5.0,3.0,1,0,0,2,1,0,1,0,0,0,0,36.8606537,10.2087006
900000.0,0,371.0,5.0,4.0,0,0,1,1,1,0,1,0,0,0,0,36.9685735,10.1219855
1650000.0,0,330.0,3.0,4.0,0,0,0,3,0,0,1,0,0,0,1,36.9051527,10.2982512
400000.0,0,222.0,5.0,2.0,0,0,0,0,0,0,1,0,0,0,0,36.7271754,10.2096871
1950000.0,0,4700.0,6.0,3.0,1,0,0,0,0,0,0,0,0,0,1,36.9085108,10.0425496
600000.0,0,290.0,11.0,3.0,1,1,0,2,1,0,0,1,0,0,0,36.587213299999995,10.2437597
520000.0,0,300.0,6.0,2.0,0,0,0,2,1,0,1,0,0,0,0,36.8749751,10.2454267
1150000.0,0,388.0,4.0,4.0,0,0,0,1,1,0,0,0,1,1,1,36.9685735,10.1219855
950000.0,0,480.0,1.0,1.0,0,0,0,2,0,0,1,0,0,0,0,36.8142752,10.1374251
27108709.0,0,200.0,7.0,2.0,0,0,0,0,0,0,0,0,0,0,0,36.7720813,10.1820551
570000.0,0,210.0,5.0,3.0,0,1,1,2,1,0,0,0,1,0,0,36.8533475,10.1169734
140000.0,0,198.0,4.0,2.0,0,1,0,2,0,0,0,0,0,0,0,36.8159313,10.101251490929902
195000.0,1,64.0,2.0,1.0,0,0,1,0,0,0,1,0,0,0,0,36.7622146,10.2388324
330000.0,0,250.0,2.0,1.0,0,0,0,0,1,0,1,0,0,0,0,36.7571648,10.014927
450000.0,0,1000.0,5.0,2.0,0,0,0,0,0,0,1,0,0,0,0,36.587213299999995,10.2437597
390000.0,0,700.0,3.0,2.0,0,0,0,0,0,0,0,0,0,0,0,36.9208825,10.1371088
245000.0,0,200.0,2.0,1.0,0,0,0,0,0,0,0,0,0,0,0,36.68123,10.3784719
239000.0,0,103.0,2.0,1.0,0,0,0,0,0,0,0,0,0,0,0,36.742946,10.2507635
370000.0,0,200.0,3.0,1.0,0,0,0,0,0,0,0,0,0,0,0,36.9208825,10.1371088
1350000.0,0,650.0,5.0,2.0,0,0,0,2,1,0,0,0,0,0,0,36.848456150000004,10.163424432628062
580000.0,0,400.0,5.0,3.0,0,0,1,2,1,0,1,0,0,0,0,36.88266445,10.179112983298108
210000.0,1,160.0,3.0,2.0,0,0,0,2,0,0,0,0,0,0,0,36.8270836,10.126886
400000.0,0,300.0,3.0,1.0,0,0,0,0,0,0,0,0,0,0,0,36.8606537,10.2087006
265000.0,0,300.0,5.0,3.0,0,0,0,2,0,0,0,0,0,0,0,36.9208825,10.1371088
815000.0,0,386.0,12.0,4.0,0,0,0,2,1,0,0,0,0,0,0,36.7277544,10.1273121
1400000.0,0,387.0,4.0,1.0,0,0,0,0,1,0,0,0,0,0,0,36.8334618,10.1708613
400000.0,0,150.0,3.0,1.0,0,0,1,0,1,0,0,0,0,0,0,36.88266445,10.179112983298108
790000.0,1,300.0,1.0,1.0,0,0,0,0,0,0,0,0,0,0,0,36.8749751,10.2454267
350000.0,0,150.0,2.0,1.0,0,0,0,0,0,0,0,0,0,0,0,36.8346533,10.129857933607912
110000.0,0,140.0,4.0,1.0,0,0,0,0,0,0,0,0,0,0,0,36.8166554,10.1108343
270000.0,0,160.0,2.0,1.0,0,0,0,2,0,0,0,0,0,0,0,36.9685735,10.1219855
850000.0,0,506.0,3.0,2.0,0,1,0,0,1,0,1,0,0,0,0,36.7703354,10.2315885
1350000.0,1,160.0,3.0,2.0,0,1,0,0,1,0,0,0,1,0,0,36.8790882,10.327678
550000.0,0,800.0,6.0,2.0,0,0,0,2,1,0,0,0,0,1,0,36.88266445,10.179112983298108
190000.0,0,200.0,3.0,2.0,0,0,0,0,1,0,1,0,0,0,0,33.8439408,9.400138
850000.0,0,620.0,3.0,1.0,0,0,0,0,1,0,1,0,0,0,0,36.88266445,10.179112983298108
130000000.0,0,400.0,3.0,1.0,0,0,0,0,0,0,1,0,0,0,0,36.7571648,10.014927
900000.0,0,337.0,7.0,2.0,0,1,0,2,1,0,1,0,0,0,0,36.8533475,10.1169734
820000.0,0,504.0,5.0,4.0,0,1,0,1,1,0,1,0,0,1,0,36.73075,10.1990718
870000.0,0,241.0,48.0,3.0,0,1,0,2,1,0,1,0,1,1,1,36.83561325,10.158361532128072
630000.0,1,140.0,3.0,2.0,0,0,0,0,0,0,1,0,0,0,0,36.8790882,10.327678
300000.0,0,156.0,4.0,2.0,0,0,0,0,0,0,0,0,0,0,0,34.7360179,10.7605656
250000.0,1,117.0,3.0,1.0,0,0,0,2,0,0,0,0,0,0,0,36.767891,10.2724617
280000000.0,0,780.0,6.0,5.0,1,1,0,3,0,0,1,0,0,0,1,36.8601075,10.2898885
210000.0,0,140.0,3.0,2.0,0,1,0,0,1,0,1,0,0,0,0,36.7571648,10.014927
350000.0,0,201.0,7.0,2.0,0,0,1,2,0,0,1,0,0,0,0,36.8346533,10.129857933607912
123456.0,0,75.0,3.0,1.0,0,1,0,0,0,0,0,0,0,0,0,36.587213299999995,10.2437597
890000.0,0,1717.0,10.0,6.0,0,0,0,0,0,0,1,0,1,0,0,36.9535973,10.1891941
360000.0,0,190.0,5.0,2.0,0,1,0,2,0,0,0,0,0,0,0,36.7847055,10.1800669
245000000.0,1,78.0,4.0,2.0,0,0,0,2,0,0,0,0,0,0,0,36.8491478,10.2639359
870000.0,0,470.0,5.0,2.0,0,0,1,1,1,0,0,0,0,0,0,36.9535973,10.1891941
1500000.0,0,900.0,7.0,3.0,0,0,0,2,0,0,0,0,0,0,1,36.8749751,10.2454267
1500000.0,0,398.0,10.0,2.0,1,0,0,2,1,0,1,0,0,0,0,36.8215855,10.1778355
145000.0,0,101.0,1.0,1.0,0,1,0,1,0,0,1,0,0,0,0,36.9535973,10.1891941
520000.0,0,241.0,6.0,3.0,0,1,0,1,1,0,1,0,0,0,0,36.8166554,10.1108343
110000.0,0,110.0,3.0,1.0,0,0,0,0,0,0,0,0,0,0,0,36.8059497,10.1624584
429000.0,0,240.0,5.0,2.0,0,1,1,2,1,0,0,0,1,1,0,36.8346533,10.129857933607912
280000.0,0,170.0,4.0,1.0,0,0,0,0,1,0,1,0,0,0,0,36.7188,10.3377872
1400000.0,0,670.0,9.0,4.0,1,0,0,0,1,0,1,0,0,0,0,36.8811985,10.211819
480000.0,0,218.0,3.0,1.0,0,0,0,0,0,0,0,0,0,0,0,36.7404497,10.3029461
650000000.0,0,240.0,6.0,2.0,0,0,0,0,1,0,1,0,0,0,0,36.8656931,10.1687265
790000.0,0,300.0,3.0,3.0,0,0,0,2,1,0,1,0,0,0,1,36.8749751,10.2454267
450000.0,1,101.0,3.0,2.0,1,1,0,0,1,0,0,0,0,0,0,36.5370176,10.1556591
65000.0,0,100.0,2.0,1.0,0,0,0,0,0,0,0,0,0,0,0,36.7708432,10.1102505
2900000.0,0,2645.0,7.0,2.0,0,0,0,0,1,0,0,0,0,0,0,36.9535973,10.1891941
330000.0,0,217.0,6.0,2.0,0,0,0,2,0,0,0,0,0,0,0,36.7188,10.3377872
800000.0,0,725.0,9.0,4.0,1,0,0,2,1,0,0,1,0,0,0,36.7189536,10.3642733
1400000.0,0,388.0,3.0,1.0,0,1,0,0,0,0,1,0,0,0,0,36.8548083,10.3309924
260000.0,1,120.0,2.0,2.0,0,0,1,0,0,1,0,0,1,1,0,36.8491478,10.2639359
265000.0,0,300.0,5.0,3.0,0,0,0,2,0,0,0,0,0,0,0,36.9208825,10.1371088
4000000.0,0,500.0,5.0,2.0,0,1,1,2,1,0,1,0,0,0,0,36.8548083,10.3309924
1350000.0,0,605.0,4.0,2.0,0,0,0,4,1,0,1,0,0,0,0,36.848456150000004,10.163424432628062
90000.0,0,67.0,3.0,1.0,0,0,0,0,0,0,0,0,0,0,0,36.8010998,10.1095729
100000.0,0,145.0,3.0,1.0,0,0,0,2,0,0,0,0,0,0,0,36.7271754,10.2096871
450000.0,0,387.0,3.0,2.0,0,0,0,0,1,0,1,0,0,0,0,36.9685735,10.1219855
360000.0,0,522.0,4.0,1.0,0,0,0,0,0,0,0,0,0,0,0,36.9535973,10.1891941
1399998.0,0,388.0,4.0,2.0,0,0,0,0,0,0,1,1,0,0,0,36.8548083,10.3309924
140000000.0,0,240.0,4.0,2.0,0,0,0,2,1,0,1,0,0,0,0,35.15881,8.8307812
1550000.0,0,327.0,2.0,3.0,0,1,0,0,1,0,1,1,0,0,1,36.8548083,10.3309924
1600000.0,0,180.0,3.0,3.0,0,0,0,2,0,0,1,0,1,0,1,36.8491478,10.2639359
230000.0,0,105.0,5.0,2.0,1,0,0,2,1,0,1,0,0,0,0,36.7404497,10.3029461
210000.0,0,100.0,4.0,2.0,0,0,1,2,0,0,0,0,0,0,0,36.7720813,10.1820551
1137497.0,0,339.0,3.0,3.0,0,1,1,3,1,0,0,0,1,1,1,36.8811985,10.211819
1200000.0,0,500.0,4.0,2.0,0,0,0,2,1,0,0,0,0,0,0,36.7404497,10.3029461
870000.0,0,541.0,7.0,4.0,0,0,1,2,1,0,0,0,0,0,0,36.88266445,10.179112983298108
680000.0,0,386.0,3.0,2.0,0,0,0,2,1,0,1,0,0,0,0,36.8606537,10.2087006
42000.0,0,108.0,2.0,1.0,0,0,0,0,0,0,0,0,0,0,0,33.8439408,9.400138
1600000.0,0,400.0,5.0,3.0,0,1,0,2,1,0,1,0,0,0,0,36.8297587,10.0128966
750000.0,0,210.0,3.0,2.0,0,1,0,2,1,0,1,0,1,1,0,36.88266445,10.179112983298108
1150000.0,0,480.0,5.0,2.0,0,1,0,3,1,0,1,0,1,1,0,36.8668995,10.15447030677053
2100000.0,0,360.0,5.0,6.0,0,1,0,0,1,0,1,1,0,0,1,36.9051527,10.2982512
580000.0,0,280.0,8.0,2.0,0,0,0,3,0,0,0,0,0,0,0,36.68123,10.3784719
330000.0,0,300.0,6.0,3.0,0,0,0,3,1,0,0,0,0,0,0,36.7818973,10.0617881
4600000.0,0,970.0,5.0,4.0,0,0,0,0,1,0,1,0,0,0,0,36.8710935,10.3490516
1000000.0,0,500.0,4.0,3.0,0,1,1,4,1,0,1,0,0,0,0,36.8749751,10.2454267
1234567.0,0,474.0,12.0,3.0,0,1,0,2,1,0,1,0,0,0,0,36.8142752,10.1374251
950000.0,0,710.0,4.0,1.0,0,0,0,1,0,0,0,0,0,0,0,36.7404497,10.3029461
570000.0,0,268.0,5.0,3.0,0,1,1,2,1,0,1,0,0,0,0,36.8142752,10.1374251
260000.0,0,200.0,2.0,1.0,0,0,0,0,0,0,1,0,0,0,0,36.902,10.192
420000.0,0,200.0,3.0,2.0,0,1,0,0,0,0,0,0,0,1,0,36.767891,10.2724617
285000.0,0,160.0,4.0,2.0,0,0,0,2,0,0,0,0,1,0,0,36.8346533,10.129857933607912
900000.0,0,420.0,8.0,2.0,0,0,1,2,1,0,1,0,0,1,0,36.719825,10.2192362
100000.0,0,80.0,5.0,3.0,0,0,0,2,1,0,0,0,0,0,0,36.7847164,10.1662852
350000.0,0,546.0,1.0,1.0,0,0,0,0,0,0,0,0,0,0,0,36.719825,10.2192362
900000.0,0,479.0,6.0,3.0,0,0,1,2,1,0,0,0,0,0,0,36.8142752,10.1374251
270000.0,0,180.0,3.0,2.0,0,0,0,2,0,0,0,0,0,0,0,36.788045,10.0918592
300000.0,0,115.0,4.0,2.0,0,1,0,2,1,0,0,0,0,0,0,36.7818973,10.0617881
650000.0,0,404.0,3.0,2.0,1,0,0,0,1,0,1,0,0,0,0,36.8113307,10.0947037
889000.0,0,450.0,4.0,3.0,0,0,0,2,1,0,0,0,0,0,0,36.8749751,10.2454267
430000.0,0,190.0,4.0,2.0,0,0,0,2,0,0,0,0,0,0,0,36.68123,10.3784719
330000.0,0,250.0,5.0,1.0,0,0,0,0,1,0,1,0,0,0,0,36.7571648,10.014927
750000.0,0,160.0,2.0,2.0,0,0,0,2,0,0,0,0,0,0,0,36.8606537,10.2087006
1850000.0,0,1001.0,4.0,4.0,0,1,0,3,0,0,1,0,1,1,1,36.8815146,10.170871
550000.0,0,450.0,3.0,2.0,0,0,0,0,0,0,1,0,0,0,0,36.88266445,10.179112983298108
980000.0,0,600.0,6.0,5.0,0,1,0,3,0,0,1,0,0,0,0,36.7189536,10.3642733
800000.0,0,300.0,3.0,2.0,0,0,0,2,0,0,1,0,0,0,0,36.8749751,10.2454267
314000.0,1,62.7,1.0,1.0,1,0,0,0,1,1,1,0,1,1,0,36.8749751,10.2454267
590478.0,1,112.54,2.0,2.0,1,1,0,3,1,1,0,0,1,1,0,36.8159278,10.3042378
246000.0,1,51.7,1.0,1.0,1,1,0,2,1,1,0,0,1,1,0,36.8749751,10.2454267
260778.0,1,62.09,1.0,1.0,1,1,0,2,1,1,0,0,1,1,0,36.8159278,10.3042378
539994.0,1,128.57,3.0,2.0,1,1,0,1,1,1,0,0,1,1,0,36.8159278,10.3042378
356999.0,1,147.3,2.0,2.0,1,1,0,1,1,1,0,0,1,1,0,36.8113307,10.0947037
385000.0,1,93.7,2.0,1.0,1,1,0,2,1,1,0,0,1,1,0,36.8749751,10.2454267
287000.0,1,108.1,2.0,2.0,1,1,0,4,1,1,0,0,1,1,0,36.8113307,10.0947037
283836.0,1,67.58,1.0,1.0,1,1,0,1,1,1,0,0,1,1,0,36.8159278,10.3042378
536000.0,1,126.9,3.0,1.0,1,0,0,2,1,1,0,0,1,1,0,36.8749751,10.2454267
259999.0,1,105.6,2.0,2.0,1,1,0,0,1,1,0,0,1,1,0,36.8113307,10.0947037
537000.0,1,127.3,3.0,1.0,1,0,0,1,1,1,0,0,1,1,0,36.8749751,10.2454267
260778.0,1,62.09,1.0,1.0,1,1,0,1,1,1,0,0,1,1,0,36.8159278,10.3042378
388400.0,1,97.1,2.0,1.0,1,0,0,1,1,1,0,0,1,1,0,36.8749751,10.2454267
220000.0,1,50.7,1.0,1.0,1,0,0,1,1,1,0,0,1,1,0,36.8749751,10.2454267
706860.0,1,135.0,3.0,1.0,1,1,0,0,1,1,1,0,1,1,0,36.88266445,10.179112983298108
275311.0,1,83.0,2.0,1.0,1,0,0,3,1,1,0,0,1,1,0,36.88266445,10.179112983298108
396435.0,1,122.0,3.0,1.0,1,1,0,5,1,1,0,0,1,1,0,36.88266445,10.179112983298108
350998.0,1,145.6,2.0,2.0,1,0,0,2,1,1,0,0,1,1,0,36.8113307,10.0947037
281945.0,1,85.0,2.0,1.0,1,0,0,1,1,1,0,0,1,1,0,36.88266445,10.179112983298108
258405.0,1,75.0,1.0,1.0,1,0,0,6,1,1,0,0,1,1,0,36.88266445,10.179112983298108
426930.0,1,133.0,3.0,1.0,1,0,0,1,1,1,1,0,0,1,0,36.88266445,10.179112983298108
290000.0,1,120.6,4.0,2.0,1,1,0,4,1,1,0,0,1,1,0,36.8113307,10.0947037
338000.0,1,137.6,2.0,2.0,1,1,0,2,1,1,0,0,1,1,0,36.8113307,10.0947037
320000.0,1,124.0,2.0,2.0,1,1,0,3,1,1,0,0,1,1,0,36.8113307,10.0947037
350000.0,1,137.6,3.0,2.0,1,1,0,1,1,1,0,0,1,1,0,36.8113307,10.0947037
614278.0,1,178.0,4.0,1.0,1,0,0,3,1,1,0,0,1,1,0,36.88266445,10.179112983298108
284000.0,1,118.4,3.0,1.0,1,0,0,2,1,0,0,0,1,1,0,36.742946,10.2507635
356000.0,1,148.42,4.0,1.0,1,0,0,2,1,0,0,0,1,1,0,36.742946,10.2507635
345000.0,1,140.49,4.0,1.0,1,0,0,4,1,0,0,0,1,1,0,36.742946,10.2507635
362000.0,1,118.12,3.0,2.0,1,1,0,3,1,1,0,0,1,1,0,36.742946,10.2507635
294000.0,1,95.49,2.0,2.0,1,0,0,1,1,1,0,0,1,1,0,36.742946,10.2507635
160000.0,1,63.0,1.0,1.0,1,0,0,3,0,1,0,0,0,0,0,36.742946,10.2507635
284000.0,1,93.6,2.0,2.0,1,0,0,2,1,1,0,0,1,1,0,36.742946,10.2507635
310000.0,1,102.31,2.0,2.0,1,0,0,1,1,1,0,0,1,1,0,36.742946,10.2507635
328000.0,1,95.84,2.0,2.0,1,1,0,3,1,1,0,0,1,1,0,36.742946,10.2507635
316788.0,1,70.27,2.0,1.0,1,0,0,2,1,0,1,0,1,1,1,36.8852466,10.2438059
281009.0,1,61.7,2.0,1.0,1,0,0,1,1,0,1,0,1,1,1,36.8852466,10.2438059
375128.0,1,92.59,3.0,1.0,1,0,0,0,1,1,1,0,1,1,1,36.8852466,10.2438059
692342.0,1,182.0,4.0,1.0,1,1,0,6,1,1,0,0,1,1,0,36.88266445,10.179112983298108
586732.0,1,144.94,4.0,1.0,1,0,0,2,1,0,1,0,1,1,1,36.8852466,10.2438059
797419.0,1,199.0,4.0,1.0,1,1,0,5,1,1,0,0,1,1,0,36.88266445,10.179112983298108
586732.0,1,144.94,4.0,1.0,1,0,0,1,1,0,1,0,1,1,1,36.8852466,10.2438059
427051.0,1,113.32,3.0,1.0,1,0,0,2,1,1,1,0,1,1,1,36.8852466,10.2438059
378908.0,1,93.55,3.0,1.0,1,0,0,1,1,1,1,0,1,1,1,36.8852466,10.2438059
418577.0,1,113.6,3.0,2.0,1,0,0,1,1,0,1,0,1,1,1,36.8852466,10.2438059
407934.0,1,69.66,2.0,1.0,1,1,0,0,1,0,1,0,1,1,1,36.8852466,10.2438059
558705.0,1,126.0,3.0,1.0,1,1,0,6,1,1,0,0,0,1,0,36.88266445,10.179112983298108
282425.0,1,62.04,2.0,1.0,1,0,0,0,1,1,1,0,1,1,1,36.8852466,10.2438059
585646.0,1,144.66,4.0,2.0,1,0,0,2,1,0,1,0,1,1,1,36.8852466,10.2438059
600000.0,0,194.0,4.0,3.0,0,0,0,0,0,0,0,0,0,0,0,36.8815146,10.170871
850000.0,0,305.0,5.0,2.0,0,0,0,0,0,0,0,0,0,0,0,36.8790882,10.327678
225000.0,0,200.0,4.0,2.0,0,0,0,0,0,0,0,0,0,0,0,36.9685735,10.1219855
1050000.0,0,482.0,8.0,2.0,0,0,0,0,0,0,0,0,0,0,0,36.83561325,10.158361532128072
1500000.0,0,540.0,2.0,2.0,0,0,0,0,0,0,0,0,0,0,0,36.83561325,10.158361532128072
358000.0,1,149.56,4.0,1.0,1,0,0,0,1,0,0,0,1,1,0,36.742946,10.2507635
812400.0,1,121.8,2.0,1.0,1,0,0,0,1,1,1,0,1,1,0,36.8749751,10.2454267
353000.0,1,147.29,4.0,1.0,1,0,0,0,1,0,0,0,1,1,0,36.742946,10.2507635
690000.0,1,101.2,2.0,1.0,1,0,0,0,1,1,1,0,1,1,0,36.8749751,10.2454267
260000.0,1,83.4,2.0,2.0,1,1,0,0,1,1,0,0,1,1,0,36.8113307,10.0947037
283836.0,1,67.58,1.0,1.0,1,0,0,0,1,1,0,0,1,1,0,36.8159278,10.3042378
324000.0,1,131.8,2.0,2.0,1,1,0,0,1,1,0,0,1,1,0,36.8113307,10.0947037
273000.0,1,110.1,2.0,1.0,1,1,0,0,1,1,0,0,1,1,0,36.8113307,10.0947037
404460.0,1,126.0,2.0,1.0,1,0,0,0,1,0,0,0,1,1,0,36.88266445,10.179112983298108
398040.0,1,122.0,3.0,1.0,1,0,0,0,1,0,0,0,1,1,0,36.88266445,10.179112983298108
302082.0,1,83.0,2.0,1.0,1,1,0,0,1,1,0,0,1,1,0,36.88266445,10.179112983298108
758268.0,1,198.0,4.0,1.0,1,1,0,0,1,1,0,0,1,1,0,36.88266445,10.179112983298108
265146.0,1,78.0,2.0,1.0,1,1,0,0,1,1,0,0,1,1,0,36.88266445,10.179112983298108
271994.0,1,82.0,2.0,1.0,1,0,0,0,1,1,0,0,1,1,0,36.88266445,10.179112983298108
831096.0,1,224.0,5.0,2.0,1,1,0,0,1,1,0,0,1,1,0,36.88266445,10.179112983298108
789208.0,1,178.0,4.0,2.0,1,1,0,0,1,1,1,0,1,1,0,36.88266445,10.179112983298108
597023.0,1,173.0,4.0,1.0,1,1,0,0,1,0,0,0,1,1,0,36.88266445,10.179112983298108
426930.0,1,133.0,3.0,1.0,1,0,0,0,1,0,0,0,1,1,0,36.88266445,10.179112983298108
280000.0,1,116.0,3.0,1.0,1,0,0,0,1,0,0,0,1,1,0,36.742946,10.2507635
290000.0,1,117.83,3.0,1.0,1,0,0,0,1,0,0,0,1,1,0,36.742946,10.2507635
358000.0,1,148.56,4.0,1.0,1,0,0,0,1,0,0,0,0,1,0,36.742946,10.2507635
371000.0,1,141.63,4.0,1.0,1,1,0,0,1,0,0,0,1,1,0,36.742946,10.2507635
275311.0,1,83.0,2.0,1.0,1,0,0,0,1,1,0,0,1,1,0,36.88266445,10.179112983298108
683565.0,1,144.99,4.0,1.0,1,0,0,0,1,1,1,0,1,1,1,36.8852466,10.2438059
666638.0,1,173.0,4.0,1.0,1,1,0,0,1,1,0,0,1,1,0,36.88266445,10.179112983298108
