id,prix,categorie,surface,nombre_des_chambres,nombre_des_salles_de_bains,haut_standing,terrasse,balcon,etage,parking,ascenseur,jardin,vue_panoramique,climatiseur,chauffage_central,piscine,lat,lon,predicted_price
687a2a81d5464a896caf94d1,530000.0,0,424.0,3.0,1.0,0,0,1,0,1,0,1,0,0,0,0,36.7531,10.2272,4.399671
694257f28914daae519cbc60,650000000.0,0,495.0,8.0,4.0,0,1,1,2,1,0,1,0,0,1,0,36.8986,10.1979,9.47953
6852dd0f8a733cfc286dcaf0,1150000.0,0,500.0,7.0,5.0,1,1,0,3,1,0,1,1,1,1,0,36.8609,10.1747,9.47953
6932d0af8914daae51964b23,1800000.0,0,670.0,6.0,2.0,0,0,0,0,0,0,0,0,0,0,0,36.8574,10.1853,4.399671
69426a45cd04d08be74c4ca8,400000.0,0,460.0,6.0,3.0,0,0,0,4,1,0,0,0,0,0,0,36.7403,10.2516,9.47953
693c852f8914daae519a813d,1250000.0,0,356.0,4.0,3.0,0,0,0,2,1,0,0,0,0,0,1,36.8096,10.1364,9.47953
67877bc97041684afec34d19,630000.0,0,275.0,3.0,2.0,1,0,0,2,1,0,1,0,1,1,0,36.7681,10.2766,9.47953
693296f8cd04d08be745b041,800000.0,0,500.0,6.0,3.0,0,0,0,2,1,0,0,0,0,1,0,36.7681,10.2766,9.47953
678798cb7041684afec3698d,1300000.0,0,580.0,7.0,2.0,0,0,1,3,1,0,1,1,1,1,0,36.7681,10.2766,9.47953
69383ff08914daae5198a405,130000.0,0,75.0,3.0,1.0,0,0,0,1,0,0,0,0,0,0,0,36.7303,10.3417,6.9507422
693c9049cd04d08be74a10c2,650000000.0,0,500.0,4.0,2.0,0,0,0,2,1,0,1,0,0,0,0,36.8986,10.1979,9.47953
69429127cd04d08be74c60d9,545000.0,0,400.0,3.0,2.0,0,0,0,2,0,0,0,0,0,0,0,36.7303,10.3417,9.47953
67879dcded6f33de58c303a5,2400000.0,0,1014.0,6.0,4.0,0,0,0,2,1,0,1,0,1,1,0,36.7681,10.2766,9.47953
694291c38914daae519cd810,420000.0,0,190.0,5.0,3.0,0,1,1,3,0,0,0,0,0,0,0,36.8647,10.2243,9.47953
690b0fb56490817594e3d6d1,850000.0,0,1400.0,4.0,4.0,0,0,0,0,0,0,0,0,0,0,0,36.6956,10.2824,4.399671
690ce35a8e4e0e4acb5ea7ac,1850000.0,0,616.0,6.0,3.0,0,0,0,0,0,0,0,0,0,0,0,36.8586,10.1822,4.399671
693c3d0fcd04d08be749e2e5,350000.0,0,220.0,8.0,2.0,0,1,0,1,0,0,0,0,0,0,0,36.8184,10.1207,6.9507422
67879ca7ed6f33de58c302a5,1300000.0,0,1053.0,5.0,2.0,0,0,1,2,0,0,1,0,0,1,0,36.7681,10.2766,9.47953
694195adcd04d08be74c00ed,295000.0,1,129.0,4.0,3.0,0,0,0,2,1,0,0,0,0,0,0,36.8986,10.1979,9.47953
69419fc9cd04d08be74c0763,600000.0,0,440.0,5.0,4.0,0,1,1,2,0,0,1,0,0,0,0,36.8986,10.1979,9.47953
68ee58843e7ffb8ac15acd0a,1500000.0,0,550.0,12.0,3.0,0,1,0,3,1,0,1,0,0,0,0,36.8609,10.1747,9.47953
694167cd8914daae519c599c,529999.0,0,300.0,4.0,4.0,0,0,1,2,0,0,0,0,0,0,0,36.8369,10.1394,9.47953
694160b08914daae519c5536,390000.0,0,300.0,4.0,2.0,0,0,0,0,1,0,0,0,0,0,0,36.7254,10.3019,4.399671
6941a3d48914daae519c80fb,300000000.0,1,170.0,4.0,2.0,0,1,1,0,0,0,0,0,0,0,0,36.8611,10.2203,4.399671
6941856f8914daae519c6dde,430000.0,0,154.0,3.0,2.0,0,0,0,0,1,0,0,0,0,1,0,36.7436,10.3097,4.399671
68ff47be88bfe5662475cc53,370000.0,1,100.0,4.0,2.0,0,0,0,3,0,0,0,0,1,1,0,36.9176,10.2874,9.47953
68ff494f88bfe5662475cd1b,1399999.0,0,340.0,5.0,2.0,0,0,0,0,1,0,1,0,1,1,0,36.9176,10.2874,4.399671
69416b648914daae519c5bf8,1300000.0,0,400.0,7.0,3.0,0,1,0,3,1,0,1,0,1,1,0,36.8609,10.1747,9.47953
694153b4cd04d08be74bd632,270000.0,0,150.0,2.0,2.0,0,0,0,2,0,0,1,0,0,0,0,36.7403,10.2516,9.47953
68d54ec0516f1ddb82e2e5ed,1280000.0,0,440.0,5.0,4.0,0,0,0,2,1,0,1,0,1,1,0,36.9008,10.1914,9.47953
6936eef2cd04d08be74784ad,390000.0,0,140.0,4.0,1.0,0,1,0,3,0,0,0,0,0,0,0,36.8065,10.1815,9.47953
6937cc89cd04d08be747d9f3,280000.0,0,269.0,4.0,1.0,0,1,1,0,0,0,0,0,0,0,0,36.8601,10.1971,4.399671
68fb82afb756576ab407ba0b,950000.0,0,1600.0,3.0,2.0,0,0,0,0,1,0,1,0,1,1,0,36.9021,10.0403,4.399671
6924bb77145e1617cbabd307,950000.0,0,1600.0,3.0,2.0,0,0,0,3,1,0,1,0,1,1,0,36.9021,10.0403,9.47953
68db953d516f1ddb82e6770a,1600000.0,0,590.0,6.0,3.0,0,1,0,2,1,0,1,0,0,1,1,36.9008,10.1914,9.47953
68d555fc516f1ddb82e2ec8d,1250000.0,0,400.0,4.0,3.0,0,0,0,2,0,0,1,0,0,0,0,36.8589,10.1906,9.47953
691f4fd8265523b710e8839b,950000.0,0,580.0,7.0,3.0,0,1,0,7,1,0,1,0,0,1,0,36.8369,10.1394,9.47953
68b5832a711369bbe4f59d3b,1400000.0,0,640.0,5.0,4.0,0,0,0,5,1,0,1,0,0,0,0,36.8661,10.2526,9.47953
69415e7a8914daae519c5398,240000.0,0,90.0,2.0,1.0,0,0,0,2,0,0,0,0,0,0,0,36.7436,10.3097,9.47953
6924a46c6e0dc7ea5e33d9ef,1500000.0,0,673.0,5.0,3.0,0,0,1,2,0,0,1,0,0,0,1,36.8586,10.1822,9.47953
6903440bb756576ab40bdb04,980000.0,0,515.0,6.0,3.0,0,0,1,2,1,0,1,0,0,0,0,36.8532,10.1647,9.47953
690dc9fe145e1617cb9e786c,295000.0,0,140.0,3.0,2.0,0,1,0,2,0,0,0,0,0,0,0,36.8369,10.1394,9.47953
679369766286c2414574dd31,480000.0,1,294.0,4.0,2.0,0,1,1,2,1,0,0,0,1,1,0,36.8532,10.1647,9.47953
690cdc4f8e4e0e4acb5ea2e7,1600000.0,0,600.0,6.0,2.0,0,0,0,0,0,0,0,0,0,0,0,36.8574,10.1853,4.399671
68d17789516f1ddb82e091e3,1600000.0,0,467.0,5.0,3.0,0,0,0,2,0,0,0,0,0,0,0,36.8574,10.1853,9.47953
694001a7cd04d08be74b40d4,600000.0,1,160.0,4.0,3.0,0,1,0,1,0,0,0,0,0,0,0,36.8782,10.3247,6.9507422
6940008ecd04d08be74b4020,950000.0,0,775.0,8.0,6.0,1,0,0,2,0,0,1,0,0,0,0,36.872,10.2345,9.47953
67a32861ecbb2843cb40a88b,985000.0,0,490.0,4.0,3.0,1,0,0,2,1,0,1,0,1,1,1,36.8986,10.1979,9.47953
68ce8e4f07c7711d7c712a98,750000.0,0,244.0,5.0,4.0,0,1,1,2,1,0,1,0,1,1,0,36.8615,10.1889,9.47953
69400c988914daae519bbc86,2200000.0,0,950.0,5.0,2.0,0,0,0,0,0,0,0,0,0,0,0,36.9176,10.2874,4.399671
684717668bda81f7f5d8d543,1200000.0,0,547.0,5.0,4.0,0,0,0,0,1,0,0,0,0,0,0,36.855,10.162,4.399671
694002e88914daae519bb687,950000.0,0,775.0,8.0,6.0,1,0,0,2,0,0,1,0,0,0,0,36.865,10.153,9.47953
6939442bcd04d08be7488947,950000.0,0,380.0,5.0,3.0,0,0,0,2,1,0,1,0,0,0,1,36.8314,10.3183,9.47953
6940221f8914daae519bcb12,185000.0,0,100.0,6.0,2.0,0,0,0,2,0,0,0,0,0,0,0,36.8231,10.1416,9.47953
68e683a4e7035d31a41258b3,2400000.0,0,450.0,7.0,5.0,1,0,0,2,1,0,1,0,0,0,1,36.872,10.2345,9.47953
685fb08194cd0376dccf9066,1350000.0,0,300.0,4.0,3.0,0,0,1,1,1,0,1,0,1,1,1,36.872,10.2345,6.9507422
68dfa31ee7035d31a40e3df5,850000.0,0,386.0,5.0,5.0,0,0,0,2,1,0,1,0,1,1,0,36.8782,10.3247,9.47953
693fc91be922eb04d002c841,1111111.0,0,200.0,3.0,1.0,1,1,0,1,1,0,1,0,0,0,0,36.8065,10.1815,6.9507422
68c05825c4782c5427af7667,1000000.0,0,400.0,9.0,7.0,1,0,0,3,1,0,1,0,0,0,1,36.7309,10.3236,9.47953
67712bb778b8a162a7740837,28343000.0,0,620.0,3.0,2.0,0,0,0,0,0,0,1,0,0,0,0,36.7436,10.3097,4.399671
693fcea38914daae519b9cbf,800000.0,0,413.0,8.0,3.0,0,0,0,1,0,0,0,0,0,0,0,36.7681,10.2766,6.9507422
693fca6ae922eb04d002c8c5,310000.0,1,180.0,4.0,2.0,0,0,0,0,0,0,0,0,0,0,0,36.7403,10.2516,4.399671
693fc58fcd04d08be74b245e,280000.0,0,140.0,3.0,1.0,0,0,0,1,0,0,0,0,0,0,0,36.8096,10.1364,6.9507422
68b86674df9d8936c105f40d,480000.0,1,85.0,2.0,1.0,0,0,0,0,0,0,0,0,0,0,0,36.865,10.153,4.399671
693ec06bcd04d08be74ac409,1800000.0,0,400.0,6.0,6.0,0,1,1,3,1,0,0,0,1,1,1,36.9176,10.2874,9.47953
693e854ecd04d08be74aa9e0,790000.0,0,544.0,9.0,4.0,0,1,1,2,1,0,0,0,0,0,1,36.7309,10.3236,9.47953
693ebe6f8914daae519b396d,570000.0,0,138.0,4.0,1.0,0,0,0,0,0,0,0,0,0,0,0,36.8782,10.3247,4.399671
693dcb848914daae519af45c,560000.0,1,167.0,4.0,2.0,0,0,0,0,1,0,1,0,0,0,0,36.9008,10.1914,4.399671
693dd4bc8914daae519af965,100000.0,0,446.0,3.0,1.0,0,0,0,0,0,0,0,0,0,0,0,36.7604,10.0568,4.399671
693db4788914daae519ae6ca,430000.0,0,671.0,4.0,1.0,0,0,0,0,1,0,0,0,0,0,0,36.6956,10.2824,4.399671
6920431d265523b710e8e670,280000.0,0,249.0,4.0,1.0,0,1,0,0,1,0,1,0,0,0,0,36.8369,10.1394,4.399671
690dce53145e1617cb9e7f95,366000.0,1,145.3,2.0,2.0,1,1,0,3,1,1,0,0,1,1,0,36.8083,10.0997,9.47953
67ee67e6ca3467b14e72c4cc,1800000.0,0,587.0,4.0,2.0,1,1,0,0,0,0,1,0,1,1,1,36.8548,10.1639,4.399671
689f30d6ccec382a0d6d176d,640000.0,0,260.0,8.0,3.0,0,0,0,0,1,0,1,1,0,0,0,36.8083,10.0997,4.399671
68ee203f53fa6375757c15f1,1380000.0,0,300.0,4.0,3.0,0,0,0,2,1,0,1,0,1,1,1,36.8625,10.1505,9.47953
69305bc0145e1617cbafffbd,870000.0,0,404.0,8.0,4.0,0,0,0,3,0,0,1,0,0,0,0,36.8597,10.1778,9.47953
6891d0d54ad00efe9738e0e8,680000.0,0,400.0,6.0,3.0,1,0,1,2,1,0,1,0,0,0,0,36.8096,10.1364,9.47953
6939864acd04d08be748b260,300000.0,0,170.0,5.0,2.0,0,1,0,2,0,0,0,0,1,1,0,36.8611,10.2203,9.47953
6828550241532c94f15b5b2e,1300000.0,0,387.0,3.0,2.0,0,0,0,1,0,0,0,0,0,0,0,36.8416,10.1587,6.9507422
693d3c08cd04d08be74a38bb,3000000.0,0,564.0,5.0,3.0,0,0,0,3,1,0,0,0,0,0,0,36.8615,10.1889,9.47953
685299e70e1c20e3eb0cda87,680000.0,0,227.0,4.0,2.0,0,1,0,2,1,0,0,0,0,0,0,36.8385,10.168,9.47953
693c0d028914daae519a37e2,850000.0,0,285.0,4.0,4.0,1,0,0,0,1,0,1,0,0,0,0,36.8782,10.3247,4.399671
693c281ecd04d08be749d527,310000.0,0,260.0,5.0,3.0,0,1,0,3,0,0,0,0,0,0,0,36.8314,10.3183,9.47953
692eb18a145e1617cbaf3567,375000.0,0,188.0,3.0,2.0,0,1,0,2,1,0,0,0,0,0,0,36.7531,10.2189,9.47953
6911f8e6145e1617cba291cb,870000.0,0,170.0,5.0,3.0,1,1,0,2,1,0,1,0,1,1,1,36.8782,10.3247,9.47953
693c520e8914daae519a643e,668000000.0,0,3000.0,8.0,2.0,0,0,0,2,0,0,0,0,0,0,0,36.8065,10.1815,9.47953
692abab2265523b710ecfebc,450000.0,0,341.0,5.0,2.0,0,0,0,0,0,0,0,0,0,1,0,36.7116,10.3947,4.399671
693bce6dcd04d08be7499c75,260000.0,0,400.0,3.0,1.0,0,0,0,0,0,0,1,0,0,0,0,36.9073,10.2081,4.399671
693af444cd04d08be7495360,480000.0,1,200.0,3.0,3.0,1,0,1,2,1,0,1,0,1,1,0,36.7681,10.2766,9.47953
693bebbccd04d08be749aeee,170000.0,1,60.0,3.0,2.0,0,0,0,2,0,0,0,0,0,0,0,36.8782,10.3247,9.47953
693bc7828914daae519a0e4c,130000.0,1,117.0,2.0,2.0,0,0,0,0,0,0,0,0,0,0,0,36.845,10.1595,4.399671
693bc781cd04d08be749995f,420000.0,0,170.0,3.0,2.0,0,0,0,1,0,0,1,0,1,1,0,36.8597,10.1778,6.9507422
693a81f8cd04d08be7491013,950000.0,0,660.0,14.0,6.0,1,0,1,3,1,0,0,0,0,0,0,36.7403,10.2516,9.47953
6900d307d0d95991e106dba4,300000.0,0,227.0,4.0,2.0,0,1,0,0,0,0,0,0,0,0,0,36.8096,10.1364,4.399671
69009424d0d95991e106a719,720000.0,0,325.0,7.0,4.0,0,1,0,2,1,0,1,0,0,0,0,36.8611,10.2203,9.47953
692459a0da5d3acb89b341ae,890000.0,0,781.0,7.0,2.0,0,0,0,2,0,0,1,0,0,1,0,36.8347,10.1458,9.47953
693ad2c08914daae5199b6a9,470000.0,0,150.0,7.0,3.0,0,1,0,3,1,0,1,0,0,0,0,36.8369,10.1394,9.47953
693ad8088914daae5199b95f,985000.0,0,546.0,4.0,2.0,1,0,0,0,1,0,1,0,0,0,1,36.8635,10.151,4.399671
693a8e1d8914daae51998c51,300000.0,1,150.0,4.0,2.0,0,0,1,0,0,0,0,0,0,0,0,36.8611,10.2203,4.399671
692da41b145e1617cbaed2af,539994.0,1,128.57,3.0,2.0,1,1,0,2,1,1,0,0,1,1,0,36.8314,10.3183,9.47953
691eeccc145e1617cba90f31,730000.0,0,330.0,6.0,4.0,0,1,0,1,1,0,1,0,0,0,0,36.8096,10.1364,6.9507422
691499d9145e1617cba42dbe,320000.0,0,307.0,2.0,1.0,0,0,0,0,0,0,1,0,0,0,0,36.8111,10.0806,4.399671
693a8d8b8914daae51998bf6,850000.0,0,404.0,9.0,3.0,0,0,0,3,0,0,0,0,0,0,0,36.8597,10.1778,9.47953
68e92e5b3e7ffb8ac15808c0,450000.0,1,160.0,4.0,3.0,0,0,0,2,1,0,0,0,1,1,0,36.8986,10.1979,9.47953
693963378914daae519913e5,400000.0,0,220.0,2.0,1.0,0,0,0,2,0,0,0,0,0,0,0,36.8619,10.0407,9.47953
6935c1bdcd04d08be7470136,95000.0,0,50.0,1.0,1.0,0,0,0,2,0,0,0,0,0,0,0,36.822,10.164,7.318099
692eaaaa265523b710ee5b5c,799999.0,0,413.0,5.0,1.0,0,0,0,1,0,0,0,0,0,0,0,36.7681,10.2766,6.9507422
673362ea0d8480a1e00c85b5,1150000.0,0,327.0,4.0,3.0,1,1,0,2,0,0,1,0,0,0,1,36.8096,10.1364,9.47953
69394907cd04d08be7488ca3,1750000.0,0,637.0,5.0,3.0,0,0,0,2,1,0,1,0,0,0,0,36.8782,10.3247,9.47953
6939a5edcd04d08be748c43c,600000.0,0,500.0,3.0,2.0,0,0,0,0,1,0,1,0,0,0,0,36.845,10.1595,4.399671
68e3fc1f6c505afdc05fc112,580000.0,0,486.0,5.0,2.0,0,1,0,2,0,0,0,0,0,0,0,36.872,10.2345,9.47953
691d9971265523b710e79094,360000.0,1,150.0,3.0,2.0,0,0,0,2,1,0,0,0,0,1,0,36.872,10.2345,9.47953
69393c188914daae5198fb28,155000.0,0,130.0,6.0,2.0,0,0,1,2,1,0,0,0,0,0,0,36.8619,10.0407,9.47953
6939a553cd04d08be748c3f2,162000.0,0,200.0,3.0,1.0,0,0,0,0,0,0,0,0,0,0,0,36.9073,10.2081,4.399671
6937fe5b8914daae51987338,440000.0,0,388.0,4.0,3.0,1,1,0,2,1,0,1,0,1,1,0,36.872,10.2345,9.47953
691319b8265523b710e2749f,850000.0,0,350.0,4.0,3.0,0,0,0,0,1,0,1,0,1,1,0,36.872,10.2345,4.399671
693825f28914daae51988f94,1500000000.0,0,453.0,6.0,3.0,0,0,0,0,1,0,0,0,0,1,0,36.8609,10.1747,4.399671
69382d6f8914daae5198952b,340000.0,0,180.0,4.0,3.0,0,0,0,2,1,0,0,0,0,0,0,36.8611,10.2203,9.47953
679b9e4ea487ea2259c19664,675000.0,0,423.0,7.0,3.0,0,1,1,1,1,0,1,0,1,0,0,36.8096,10.1364,6.9507422
6938116bcd04d08be7480877,250000.0,0,306.0,4.0,1.0,0,0,0,1,0,0,0,0,0,0,0,36.8354,10.0489,6.9507422
69370d288914daae51981362,450000.0,0,250.0,7.0,3.0,0,0,0,3,0,0,0,0,0,0,0,36.7009,10.1736,9.47953
69258e3d145e1617cbac0f6b,190000.0,0,120.0,2.0,1.0,0,0,0,0,0,0,0,0,0,0,0,36.9073,10.2081,4.399671
6936d4da8914daae5197e9a0,370000.0,0,317.0,7.0,2.0,0,0,0,0,0,0,0,0,0,0,0,36.8093,10.0972,4.399671
6937ecf0cd04d08be747eba7,380000.0,0,168.0,2.0,2.0,0,0,0,0,0,0,0,0,0,1,0,36.7009,10.1736,4.399671
6936faa1cd04d08be7478d4c,170000.0,1,131.0,2.0,1.0,0,0,0,0,0,0,1,0,0,0,0,36.872,10.2345,4.399671
682dddb76238a0abfdd47200,1600000.0,0,491.0,8.0,2.0,0,0,0,2,1,0,0,0,0,1,0,36.8395,10.1682,9.47953
6936f59f8914daae519803e3,1450000.0,0,250.0,7.0,4.0,0,0,0,2,1,0,1,0,0,0,0,36.8782,10.3247,9.47953
69370216cd04d08be7479193,3500000.0,0,957.0,3.0,2.0,0,0,0,2,1,0,1,0,1,1,0,36.8529,10.3315,9.47953
6937f327cd04d08be747f032,600000.0,0,465.0,3.0,1.0,0,0,0,0,0,0,0,0,0,0,0,36.8407,10.3262,4.399671
69365de08914daae5197ac4c,600000.0,0,270.0,3.0,3.0,0,0,0,0,1,0,1,0,0,0,0,36.872,10.2345,4.399671
66db19c667b755ba921ac4d8,480000.0,0,350.0,4.0,4.0,0,1,0,3,1,0,0,0,1,1,0,36.7116,10.3947,9.47953
6936a917cd04d08be7475133,1300000.0,0,292.0,7.0,5.0,0,1,0,2,1,0,1,0,0,0,1,36.872,10.2345,9.47953
6935e7c78914daae5197931d,400000.0,0,400.0,4.0,1.0,0,0,0,0,1,0,0,0,0,0,0,36.723,10.2105,4.399671
6936c522cd04d08be7476417,800000.0,0,225.0,5.0,2.0,0,0,0,1,0,0,0,0,0,0,0,36.8096,10.1364,6.9507422
69369cf68914daae5197c350,800000.0,0,413.0,8.0,2.0,0,0,0,1,0,0,0,0,0,0,0,36.7681,10.2766,6.9507422
69365d4a8914daae5197ac37,5400000.0,0,795.0,5.0,2.0,0,0,0,0,0,0,1,0,0,0,0,36.8529,10.3315,4.399671
6935bdff8914daae51977a37,1200000.0,0,690.0,7.0,2.0,0,1,1,2,1,0,1,0,0,0,0,36.8111,10.0806,9.47953
6935edd28914daae519796ac,295000.0,0,200.0,6.0,3.0,0,1,0,3,1,0,1,0,0,0,0,36.7,10.3,9.47953
67cacfdf93928ac5bc1870c5,750000.0,0,597.0,6.0,4.0,0,0,0,2,1,0,1,0,0,0,0,36.7116,10.3947,9.47953
67361b153c20a99fb5500bb2,790000.0,0,418.0,7.0,4.0,0,0,0,2,1,0,0,0,0,0,0,36.7116,10.3947,9.47953
693629bacd04d08be7472d30,529996.0,0,300.0,4.0,2.0,0,0,1,2,1,0,0,0,0,0,0,36.8369,10.1394,9.47953
68c80044516f1ddb82da9b6d,650000.0,0,520.0,6.0,2.0,0,1,0,2,1,0,1,1,0,0,0,36.7116,10.3947,9.47953
6934abaccd04d08be746a6f8,650000.0,0,500.0,8.0,4.0,0,0,0,2,0,0,0,0,0,0,0,36.8986,10.1979,9.47953
693461288914daae5196f842,150000000.0,0,106.0,4.0,2.0,0,0,0,2,0,0,0,0,0,0,0,36.8601,10.1971,9.47953
68f62050b756576ab404a7a8,980000.0,0,480.0,4.0,2.0,0,0,0,0,0,0,1,0,0,0,0,36.7254,10.3019,4.399671
693546fc8914daae5197407e,780000.0,0,380.0,5.0,3.0,0,1,0,3,0,0,1,1,0,0,0,36.7436,10.3097,9.47953
685030018bda81f7f5ddf6f6,850000.0,0,503.0,7.0,5.0,0,0,0,2,0,0,1,0,1,1,0,36.8369,10.1394,9.47953
6821ba04cb21b3571b421a9a,1600000.0,0,450.0,5.0,3.0,0,1,0,2,1,0,1,0,0,0,0,36.8548,10.1639,9.47953
685128450e1c20e3eb0bd78a,3099998.0,0,672.0,5.0,5.0,0,0,0,3,1,0,1,0,0,0,1,36.8416,10.1587,9.47953
6918395e265523b710e526af,1990000.0,0,500.0,6.0,4.0,0,1,0,2,1,0,0,0,1,1,1,36.8416,10.1587,9.47953
69276a02145e1617cbacb81e,600000.0,0,158.0,3.0,2.0,0,1,0,2,0,0,1,0,0,0,0,36.8661,10.2526,9.47953
68ef91573e7ffb8ac15b77d6,380000.0,0,441.0,5.0,3.0,0,1,0,0,0,0,0,0,0,0,0,36.8665,10.1647,4.399671
6932e54a8914daae5196574e,680000.0,0,307.0,3.0,3.0,1,0,0,0,1,0,0,0,1,1,0,36.8665,10.1647,4.399671
68e9206653fa6375757974f1,340000.0,0,180.0,4.0,2.0,0,0,0,2,0,0,0,0,0,0,0,36.7239,10.2096,9.47953
69340d108914daae5196cc5d,270000.0,0,130.0,2.0,1.0,0,0,0,0,0,0,0,0,0,0,0,36.7303,10.3417,4.399671
68f383fbd0d95991e1ff9b74,1000000.0,0,672.0,6.0,4.0,0,1,0,2,1,0,1,0,0,1,0,36.8629,10.1732,9.47953
69189dc6265523b710e5608c,1900000.0,0,502.0,5.0,4.0,0,1,0,5,1,0,1,0,1,1,0,36.8629,10.1732,9.47953
6932dc1dcd04d08be745d8a3,200000000.0,0,100.0,3.0,2.0,0,0,0,0,1,0,0,0,0,0,0,36.8457,10.1039,4.399671
6932bdafcd04d08be745c78e,270000.0,0,220.0,3.0,1.0,0,0,0,0,1,0,0,0,0,0,0,36.8385,10.168,4.399671
693303938914daae51966a03,250000.0,0,190.0,3.0,1.0,0,0,0,2,0,0,1,0,0,0,0,36.9073,10.2081,9.47953
68bf01fdc4782c5427ae9adc,695000.0,0,480.0,7.0,4.0,0,0,0,3,0,0,0,0,0,0,0,36.8665,10.1647,9.47953
693306dccd04d08be745f2ac,390000.0,0,140.0,5.0,2.0,0,1,0,3,0,0,0,0,0,0,0,36.8065,10.1815,9.47953
68bc3f47985e647fd0e8f49d,450000.0,0,355.0,4.0,2.0,0,1,0,0,1,0,0,0,1,1,0,36.8665,10.1647,4.399671
69208ebf145e1617cba9f0e6,320000.0,0,180.0,5.0,2.0,0,0,0,2,0,0,0,0,0,0,0,36.8465,10.1602,9.47953
6932da50cd04d08be745d78c,200000000.0,0,100.0,3.0,2.0,0,0,0,0,1,0,0,0,0,0,0,36.8457,10.1039,4.399671
69340e6dcd04d08be74651ed,630000.0,0,417.0,4.0,2.0,0,0,0,0,1,0,0,0,0,0,0,36.8096,10.1364,4.399671
68de3a416c505afdc05c7c2d,1900000.0,0,500.0,5.0,4.0,0,1,0,2,1,0,0,0,1,1,1,36.8416,10.1587,9.47953
693141d1145e1617cbb0472b,349999.0,0,220.0,4.0,1.0,0,0,0,0,0,0,0,0,0,0,0,36.8281,10.0714,4.399671
68d65b35516f1ddb82e377c8,1990000.0,0,711.0,16.0,7.0,0,0,0,3,1,1,1,0,0,0,0,36.8589,10.1906,9.47953
693191a2265523b710efa62c,780000.0,0,400.0,5.0,3.0,0,0,0,2,1,0,1,0,1,1,0,36.8611,10.2203,9.47953
6931aaee145e1617cbb087a0,800000.0,0,700.0,8.0,4.0,0,0,0,2,0,0,0,0,0,0,0,36.8665,10.1647,9.47953
692d5781145e1617cbaea371,600000.0,0,385.0,5.0,2.0,0,1,0,0,1,0,1,0,0,0,0,36.8096,10.1364,4.399671
6931ab9a145e1617cbb08809,120000.0,0,240.0,2.0,1.0,0,0,0,0,0,0,0,0,0,0,0,36.7928,10.0927,4.399671
69300eb9265523b710eefd9b,1300000.0,0,380.0,8.0,3.0,0,0,0,2,0,0,1,0,0,0,0,36.8589,10.1906,9.47953
68e0d4c7e7035d31a40eedf4,330000.0,0,220.0,3.0,4.0,0,0,0,3,0,0,0,0,0,1,0,36.8782,10.3247,9.47953
685455d38a733cfc286ebd5d,210000.0,1,140.0,3.0,2.0,0,0,0,1,0,0,0,0,0,0,0,36.8532,10.1647,6.9507422
68bc5851c4782c5427ad08da,640000.0,0,411.0,3.0,2.0,0,0,0,0,1,0,0,0,1,1,1,36.8625,10.1505,4.399671
692d544a265523b710edcbd9,795000.0,0,400.0,9.0,5.0,0,0,0,3,0,0,0,0,0,0,0,36.8111,10.0806,9.47953
69301d87265523b710ef07fe,495000.0,0,200.0,5.0,4.0,0,0,1,1,0,0,0,0,0,1,0,36.8661,10.2526,6.9507422
692f251b145e1617cbaf7dba,1050000.0,0,550.0,12.0,4.0,0,1,1,3,1,0,1,1,0,1,0,36.8609,10.1747,9.47953
6930e3f9145e1617cbb038f7,850000.0,0,880.0,6.0,5.0,0,0,0,0,0,0,1,0,0,0,0,36.8096,10.1364,4.399671
68ce751407c7711d7c71145a,850000.0,0,416.0,6.0,4.0,0,0,0,2,1,0,1,0,1,1,0,36.872,10.2345,9.47953
692f054b145e1617cbaf6b1b,650000.0,0,400.0,3.0,2.0,0,1,0,0,1,0,1,0,0,0,0,36.8354,10.0489,4.399671
692dbcf2145e1617cbaee11b,2500000.0,0,900.0,10.0,7.0,0,0,0,4,1,1,1,1,0,0,1,36.9073,10.2081,9.47953
692eab23145e1617cbaf315c,1500000.0,0,600.0,10.0,5.0,1,0,0,3,1,0,1,1,0,0,0,36.8532,10.1647,9.47953
6924415eda5d3acb89b3377a,650000.0,0,303.0,9.0,5.0,0,1,0,3,1,0,1,0,0,0,0,36.8096,10.1364,9.47953
692db450265523b710ee05c0,900000.0,0,320.0,4.0,2.0,1,1,0,1,1,0,1,0,0,0,0,36.7681,10.2766,6.9507422
692ee5ff265523b710ee8193,2900000.0,0,4000.0,7.0,4.0,1,0,0,0,1,0,1,0,0,0,1,36.9021,10.0403,4.399671
68fb870bd0d95991e10411da,450000.0,0,280.0,3.0,3.0,0,1,0,3,1,0,1,0,0,0,0,36.7116,10.3947,9.47953
692dd570145e1617cbaeeefd,150000.0,0,110.0,4.0,2.0,0,0,0,0,0,0,0,0,0,0,0,36.8231,10.1416,4.399671
691f82c8145e1617cba97c87,450000.0,0,200.0,9.0,1.0,0,0,0,3,0,0,0,0,0,0,0,36.7254,10.3019,9.47953
692d7f45265523b710ede679,650000.0,0,400.0,3.0,2.0,0,1,0,0,1,0,1,0,0,0,0,36.8354,10.0489,4.399671
692eac31145e1617cbaf3205,280000.0,1,131.0,4.0,2.0,0,0,0,2,1,0,0,0,0,0,0,36.8986,10.1979,9.47953
692dba9f265523b710ee09ad,920000.0,0,415.0,9.0,5.0,0,1,0,2,1,0,1,0,0,0,0,36.8096,10.1364,9.47953
692d57e0265523b710edcd57,247000.0,0,185.0,4.0,1.0,0,0,0,0,1,0,0,0,0,0,0,36.7009,10.1736,4.399671
692c58f4145e1617cbae5b27,350000.0,0,265.0,5.0,2.0,0,0,0,1,1,0,1,0,0,1,0,36.7116,10.3947,6.9507422
692ae766265523b710ed14af,80000.0,0,120.0,2.0,1.0,0,0,0,0,0,0,0,0,0,0,0,36.847,10.1822,4.399671
69244122145e1617cbab9bea,545000.0,0,250.0,8.0,2.0,0,0,1,2,0,0,0,0,0,0,0,36.8205,10.1405,9.47953
692c96b7265523b710ed9e4b,1100000.0,0,2500.0,6.0,7.0,0,0,0,0,1,0,0,0,0,0,0,36.8083,10.0997,4.399671
692c3a2d145e1617cbae4e4e,150000.0,0,110.0,5.0,1.0,0,0,0,2,0,0,0,0,0,0,0,36.8065,10.1815,9.47953
68deb88a6c505afdc05cbd39,838000.0,0,544.0,3.0,2.0,0,0,0,0,0,0,0,0,0,0,0,36.8665,10.1647,4.399671
692c3a30265523b710ed7815,80000.0,0,300.0,4.0,1.0,0,0,0,0,0,0,1,0,0,0,0,36.7928,10.0927,4.399671
692c7acc145e1617cbae686e,1650000.0,0,510.0,3.0,2.0,0,1,1,2,1,0,1,0,0,1,0,36.8416,10.1587,9.47953
692c5f46265523b710ed87d0,650000.0,0,500.0,4.0,2.0,0,0,0,2,0,0,0,0,0,0,0,36.8986,10.1979,9.47953
692c3a86265523b710ed783a,517000.0,0,517.0,8.0,4.0,0,0,0,0,0,0,0,0,0,0,0,36.859,10.188,4.399671
6913a608145e1617cba3b68f,460000.0,0,230.0,7.0,2.0,0,0,0,2,1,0,0,0,0,0,0,36.868,10.17,9.47953
6711244e1cde9a414fa9438c,880000.0,0,443.0,8.0,4.0,0,1,0,2,1,0,1,0,0,0,0,36.8096,10.1364,9.47953
6929f0a6265523b710ecc5e6,225000.0,0,200.0,4.0,2.0,0,1,0,0,1,0,1,0,1,1,0,36.8665,10.1647,4.399671
69221023145e1617cbaa981b,390000.0,0,246.0,4.0,1.0,0,0,0,0,0,0,1,0,0,0,1,36.8465,10.128,4.399671
6929822e145e1617cbad6a9d,700000.0,0,378.0,7.0,1.0,0,0,0,2,1,0,1,0,0,0,0,36.7361,10.2375,9.47953
6929ab43f6824a8059169b08,1560000.0,1,312.0,3.0,3.0,0,1,0,2,1,0,0,0,1,1,0,36.8357,10.2564,9.47953
687237fed5464a896ca9c97d,650000.0,0,500.0,8.0,4.0,0,0,0,2,0,0,0,0,0,0,0,36.8986,10.1979,9.47953
681f3268a9299683d0a944d0,290000.0,0,143.0,3.0,1.0,0,1,0,0,1,0,0,0,0,0,0,36.8096,10.1364,4.399671
6929d4b9145e1617cbad90e4,370000.0,0,299.0,5.0,2.0,0,0,0,2,1,0,0,0,0,1,0,36.7116,10.3947,9.47953
68da6ea974e03a77e7ab8414,890000.0,0,400.0,9.0,5.0,0,1,0,2,1,0,1,0,0,0,0,36.8205,10.1405,9.47953
68023682c1f8f57898db1d01,1600000.0,0,575.0,5.0,3.0,0,0,0,2,0,0,0,0,0,0,0,36.8548,10.1639,9.47953
68e52f0fe7035d31a41187b4,540000.0,0,345.0,4.0,1.0,0,1,0,0,1,0,1,0,0,0,0,36.8083,10.0997,4.399671
691d77e8265523b710e77703,800000.0,1,280.0,6.0,4.0,1,0,0,3,0,0,1,0,0,0,0,36.872,10.2345,9.47953
692ac16d265523b710ed0210,1500000.0,0,1220.0,10.0,5.0,1,1,0,4,1,0,1,0,0,0,0,36.8347,10.1458,9.47953
6929a2287c1b75e049921517,80000000.0,0,150.0,2.0,1.0,0,0,0,0,0,0,0,0,0,0,0,36.9073,10.2081,4.399671
69289a3b265523b710ec4739,320000.0,0,500.0,4.0,2.0,0,0,0,0,0,0,1,0,0,0,0,36.8065,10.1815,4.399671
690b66948e4e0e4acb5ddcfa,980000.0,0,634.0,5.0,4.0,0,1,0,2,0,0,0,0,0,0,0,36.872,10.2345,9.47953
68d3fad507c7711d7c74a01a,510000.0,0,395.0,3.0,2.0,0,1,0,0,0,0,0,0,1,1,0,36.7116,10.3947,4.399671
68b0848a82a3d05f2394ce9b,320000.0,0,180.0,5.0,1.0,0,0,0,2,1,0,0,0,0,0,0,36.8231,10.1416,9.47953
6928761a265523b710ec3550,460000.0,1,170.0,4.0,2.0,0,1,1,2,1,0,1,0,1,1,0,36.7681,10.2766,9.47953
69280ffb265523b710ec0673,11800000.0,0,2500.0,8.0,6.0,0,0,0,2,1,0,0,1,0,0,1,36.8695,10.3417,9.47953
692733bd265523b710ebc9a1,540000.0,0,184.0,3.0,1.0,0,0,0,0,0,0,1,0,0,0,0,36.7681,10.2766,4.399671
69272fd8265523b710ebc816,300000.0,0,160.0,3.0,2.0,0,0,0,0,0,0,0,0,1,1,0,36.7681,10.2766,4.399671
69282dee265523b710ec164b,850000.0,0,480.0,13.0,3.0,0,1,1,2,0,0,0,0,0,0,0,36.8611,10.2203,9.47953
68714f13d5464a896ca94e2b,449000.0,0,336.0,8.0,4.0,0,0,0,2,1,0,1,0,0,1,0,36.8782,10.3247,9.47953
6924d0df145e1617cbabdcac,500000.0,0,208.0,4.0,2.0,0,0,0,2,0,0,0,0,0,0,0,36.8065,10.1815,9.47953
69248e2e145e1617cbabbf4d,150000.0,1,100.0,3.0,1.0,0,0,0,2,1,0,0,0,0,0,0,36.847,10.1822,9.47953
692479bdda5d3acb89b35102,360000.0,1,265.0,6.0,1.0,0,0,0,0,0,0,0,0,0,0,0,36.8611,10.2203,4.399671
692588bf9ae0bfe01c80f03a,650000.0,0,498.0,7.0,2.0,0,0,0,1,1,0,1,0,0,0,0,36.7403,10.2516,6.9507422
6925c6ca145e1617cbac2a33,400000.0,0,200.0,7.0,3.0,0,1,0,3,0,0,0,0,0,0,0,36.7681,10.2766,9.47953
6924c483145e1617cbabd730,170000.0,0,160.0,4.0,2.0,0,0,0,2,0,0,0,0,0,0,0,36.8065,10.1815,9.47953
69258131c988d694371576d3,800000.0,0,413.0,8.0,6.0,0,0,0,1,0,0,0,0,0,0,0,36.7681,10.2766,6.9507422
69208016265523b710e910ad,1150000.0,0,450.0,7.0,5.0,0,1,0,2,1,0,1,0,0,1,0,36.8609,10.1747,9.47953
6925cae5265523b710eb53c8,305000.0,0,140.0,2.0,1.0,1,1,0,1,0,0,0,0,1,1,0,36.7436,10.3097,6.9507422
691d98c8265523b710e79005,1480000.0,0,465.0,4.0,3.0,0,1,0,1,0,0,1,0,1,1,1,36.872,10.2345,6.9507422
69233b04265523b710ea494c,220000.0,0,140.0,3.0,1.0,0,0,0,1,0,0,0,0,0,0,0,36.7303,10.3417,6.9507422
690f55a6145e1617cba01645,1000000.0,1,284.0,5.0,3.0,0,1,0,3,1,1,0,0,1,1,1,36.9176,10.2874,9.47953
6921e69d265523b710e9a9c9,180000.0,0,100.0,5.0,2.0,0,0,0,2,1,0,0,0,0,0,0,36.7309,10.3236,9.47953
6922ce19265523b710e9ffaa,350000.0,0,480.0,6.0,1.0,0,0,0,0,0,0,0,0,0,0,0,36.8601,10.1971,4.399671
6922e924265523b710ea11e8,800000.0,0,485.0,6.0,2.0,0,0,0,0,1,0,0,0,0,0,0,36.7303,10.3417,4.399671
6922fd00265523b710ea1f6f,300000.0,0,170.0,5.0,1.0,0,0,0,0,0,0,0,0,0,1,0,36.8065,10.1815,4.399671
6922fd3b265523b710ea1f87,220000.0,0,200.0,4.0,1.0,0,0,0,0,0,0,0,0,0,0,0,36.838,10.151,4.399671
68d5810107c7711d7c7592a3,1269000.0,0,500.0,5.0,3.0,1,1,0,2,0,0,1,0,1,0,0,36.8625,10.1505,9.47953
6807ce86c5beda2b51cd3ea9,360000.0,0,227.0,4.0,1.0,0,0,0,0,1,0,1,0,0,0,0,36.872,10.2345,4.399671
69204a01145e1617cba9c155,800000.0,0,330.0,5.0,4.0,0,0,0,3,0,0,1,0,1,1,0,36.8609,10.1747,9.47953
67e133cbca3467b14e6bbf19,730000.0,0,500.0,6.0,2.0,1,0,0,2,1,0,1,0,1,1,0,36.8096,10.1364,9.47953
68c54779e33e2deec930a3a7,670000.0,0,325.0,8.0,2.0,0,1,0,2,1,0,1,0,0,0,0,36.8096,10.1364,9.47953
690f4918145e1617cba00725,720000.0,0,180.0,6.0,5.0,0,1,0,2,0,0,0,0,0,1,0,36.8096,10.1364,9.47953
685acae7d5464a896c9a33e8,495000.0,0,615.0,3.0,2.0,0,1,0,0,1,0,1,0,0,0,0,36.8096,10.1364,4.399671
69208d23265523b710e91ab5,1450000.0,0,600.0,7.0,1450000.0,0,1,0,2,1,0,1,0,0,1,0,36.8586,10.1822,9.47953
68c67604516f1ddb82d9aed5,2400000.0,0,740.0,6.0,6.0,0,0,0,0,1,0,1,0,0,0,1,36.9176,10.2874,4.399671
680cec92c1f8f57898e2b0ad,1190000.0,0,556.0,8.0,5.0,0,1,0,3,0,0,0,0,0,0,0,36.8615,10.1889,9.47953
69202ea9265523b710e8d6d2,1500000.0,0,430.0,4.0,5.0,1,0,0,3,1,1,1,0,1,1,1,36.872,10.2345,9.47953
687e457bd5464a896cb25ddf,780000.0,0,500.0,8.0,5.0,0,1,0,2,1,0,1,0,0,0,0,36.8986,10.1979,9.47953
691f6712145e1617cba969fe,120000.0,0,120.0,5.0,1.0,0,0,0,0,0,0,0,0,0,0,0,36.8205,10.1405,4.399671
68d169e607c7711d7c730412,3200000.0,0,1250.0,8.0,6.0,0,0,0,2,1,0,0,0,0,0,0,36.8782,10.3247,9.47953
68e0ed05e7035d31a40efdc3,720000.0,0,348.0,3.0,3.0,1,0,0,2,0,0,1,0,0,0,0,36.8065,10.1815,9.47953
67e8801cfd1c6385be402a99,450000000.0,0,612.0,6.0,3.0,0,0,0,3,0,0,0,0,0,0,0,36.7309,10.3236,9.47953
68dabe27516f1ddb82e61aa0,650000.0,0,343.0,3.0,5.0,0,1,0,3,1,0,0,0,0,0,0,36.8354,10.0489,9.47953
691de5be145e1617cba89674,1630000.0,0,705.0,10.0,4.0,1,0,0,2,1,0,1,0,0,0,0,36.8635,10.151,9.47953
691daadd145e1617cba86e7c,740000.0,0,380.0,12.0,6.0,0,1,0,3,1,0,1,0,0,0,0,36.8083,10.0997,9.47953
691cb0eb265523b710e737df,1200000.0,0,420.0,2.0,2.0,0,0,0,0,0,0,0,0,0,0,0,36.8529,10.3315,4.399671
691ca55f265523b710e73151,375000.0,0,315.0,3.0,1.0,0,0,0,1,1,0,1,0,0,0,0,36.9073,10.2081,6.9507422
691df9f0265523b710e7d00b,150000000.0,0,150.0,4.0,3.0,0,0,0,2,0,0,0,0,0,0,0,36.8665,10.1647,9.47953
68c034e3985e647fd0eb576f,450000.0,0,220.0,3.0,2.0,0,0,0,2,1,0,0,0,0,0,0,36.8601,10.1971,9.47953
691da0284730c4e48bb141f7,2499000.0,0,547.0,3.0,3.0,0,0,0,1,1,0,1,0,0,0,1,36.8529,10.1725,6.9507422
691d93f3145e1617cba85eae,450000.0,1,187.0,4.0,2.0,0,1,0,2,1,0,0,0,0,0,0,36.8096,10.1364,9.47953
68dab54c07c7711d7c789803,990000.0,0,500.0,4.0,3.0,1,1,0,2,1,0,0,1,0,0,0,36.7309,10.3236,9.47953
691b71ba145e1617cba78fc6,1200000.0,0,529.0,7.0,4.0,0,1,0,2,1,0,0,0,1,1,1,36.7309,10.3236,9.47953
691c66e8145e1617cba7f06d,248000.0,0,190.0,4.0,2.0,0,1,0,2,1,0,0,0,0,0,0,36.7009,10.1736,9.47953
68e6781ee7035d31a4124dce,3500000.0,1,200.0,3.0,2.0,0,0,0,2,0,0,1,0,0,0,0,36.8695,10.3417,9.47953
691b50ef145e1617cba77c19,350000.0,0,297.0,2.0,1.0,0,1,0,0,1,0,0,0,0,0,0,36.8096,10.1364,4.399671
691b49bd265523b710e6a2aa,880000.0,0,404.0,9.0,4.0,0,0,0,0,0,0,0,0,0,0,0,36.8597,10.1778,4.399671
6877602dd5464a896cad6946,1137497.0,0,339.0,3.0,3.0,0,1,1,3,1,0,0,0,1,1,1,36.8625,10.1505,9.47953
691b6999265523b710e6b567,195000.0,0,124.0,5.0,3.0,0,0,0,2,0,0,0,0,0,0,0,36.7928,10.0927,9.47953
691ad3e3265523b710e64bd8,120000.0,0,100.0,4.0,2.0,0,0,0,0,0,0,0,0,0,0,0,36.7928,10.0927,4.399671
691a3085265523b710e61b71,740000.0,0,518.0,5.0,2.0,0,1,0,3,1,0,1,1,0,0,0,36.7309,10.3236,9.47953
6919d354145e1617cba6b13a,450000.0,0,300.0,10.0,4.0,0,0,1,3,1,0,0,0,0,1,0,36.7235,10.212,9.47953
68f3ccbfd0d95991e1ffc96b,525000.0,1,160.0,4.0,24.0,0,1,0,0,0,0,0,0,0,0,0,36.8661,10.2526,4.399671
6839b4f8a2a7af1206228b9f,235000.0,0,115.0,2.0,1.0,0,0,0,0,1,0,0,0,0,0,0,36.8385,10.168,4.399671
68ed15b33e7ffb8ac15a1513,300000.0,1,118.0,3.0,2.0,0,0,1,2,0,0,1,0,0,0,0,36.8369,10.1394,9.47953
691777ad145e1617cba5b4eb,200000.0,0,115.0,3.0,1.0,0,0,0,2,0,0,0,0,0,0,0,36.7254,10.3019,9.47953
6918c4d9145e1617cba64b76,170000.0,0,200.0,3.0,1.0,0,0,0,0,1,0,1,0,0,0,0,36.7928,10.0927,4.399671
691740a9265523b710e4b921,370000.0,0,200.0,3.0,2.0,0,0,1,0,1,0,1,0,0,0,0,36.7009,10.1736,4.399671
6917d30e265523b710e51188,300000.0,0,220.0,5.0,1.0,0,0,0,0,0,0,0,0,0,0,0,36.8601,10.1971,4.399671
681c7882c5beda2b51db4243,950000.0,0,300.0,4.0,3.0,0,1,0,3,1,0,0,1,0,0,0,36.8314,10.3183,9.47953
6918f129265523b710e59284,260000.0,0,200.0,2.0,1.0,0,0,0,0,0,0,1,0,0,0,0,36.859,10.188,4.399671
687901c9d5464a896caec3f1,520000.0,0,322.0,4.0,2.0,0,0,0,0,1,0,0,0,1,1,0,36.9008,10.1914,4.399671
69173e59145e1617cba58d45,480000.0,1,200.0,3.0,2.0,1,0,1,2,1,0,1,0,1,1,0,36.7681,10.2766,9.47953
69170738145e1617cba56486,365000.0,0,204.0,4.0,2.0,0,1,0,0,0,0,0,0,0,0,0,36.8205,10.1405,4.399671
691605d5145e1617cba4edf4,550000.0,0,500.0,4.0,2.0,0,0,0,0,1,0,1,0,0,1,1,36.7604,10.0568,4.399671
69162d69145e1617cba50a7f,450000.0,0,164.0,6.0,2.0,0,0,0,0,0,0,0,0,0,0,0,36.8065,10.1815,4.399671
6916ed63265523b710e47ac7,670000.0,0,344.0,3.0,3.0,1,0,0,0,1,0,1,0,1,1,0,36.8782,10.3247,4.399671
691726bc145e1617cba57b16,450000.0,0,350.0,7.0,2.0,0,0,0,2,1,0,1,0,0,0,0,36.8457,10.1039,9.47953
6917009b265523b710e489dc,3500000.0,0,957.0,6.0,4.0,0,0,0,2,1,0,1,0,1,1,0,36.8529,10.3315,9.47953
6916ec51265523b710e479ff,750000.0,0,600.0,2.0,2.0,1,1,0,4,1,0,1,0,1,1,0,36.8665,10.1647,9.47953
68daba12516f1ddb82e61775,1200000.0,0,374.0,8.0,3.0,0,0,0,3,1,0,0,1,0,0,0,36.8609,10.1747,9.47953
6915ea90265523b710e4032e,410000.0,0,147.0,4.0,1.0,0,0,0,2,0,0,0,0,0,0,0,36.8096,10.1364,9.47953
68dd52fd516f1ddb82e7adf0,850000.0,0,500.0,5.0,2.0,0,1,0,3,0,0,0,0,0,0,0,36.7681,10.2766,9.47953
6914f1ed145e1617cba46b99,250000.0,0,100.0,6.0,2.0,0,0,0,3,0,0,0,0,0,0,0,36.7009,10.1736,9.47953
6915ab57265523b710e3d255,680000.0,0,400.0,3.0,2.0,0,0,0,0,1,0,1,0,0,0,0,36.7681,10.2766,4.399671
6915c499265523b710e3e83c,130000.0,0,130.0,2.0,1.0,0,0,0,0,0,0,1,0,0,0,0,36.847,10.1822,4.399671
69120249145e1617cba2a051,200000000.0,0,113.0,8.0,2.0,0,0,0,2,0,0,0,0,0,0,0,36.844,10.209,9.47953
68f77072c2818064df214a8b,1350000.0,0,450.0,5.0,4.0,0,0,1,2,1,0,1,0,0,0,0,36.8782,10.3247,9.47953
691490f2265523b710e35064,210000.0,0,300.0,4.0,2.0,0,0,0,0,0,0,1,0,0,0,0,36.7009,10.1736,4.399671
691464e1145e1617cba4042a,265000.0,0,260.0,3.0,2.0,0,1,0,0,0,0,0,0,0,0,0,36.8601,10.1971,4.399671
691374d3145e1617cba3904c,300000.0,0,134.0,3.0,2.0,0,0,0,2,0,0,0,0,0,0,0,36.8369,10.1394,9.47953
69139fee265523b710e2d95e,990000.0,0,762.0,5.0,2.0,0,0,0,0,1,0,1,0,0,0,0,36.7531,10.2272,4.399671
68d2f127516f1ddb82e18c68,250000.0,0,80.0,2.0,1.0,0,0,0,0,0,0,0,0,0,0,0,36.8782,10.3247,4.399671
690dc720145e1617cb9e7364,250000.0,0,188.0,5.0,2.0,0,1,0,2,1,0,0,0,0,0,0,36.8369,10.1394,9.47953
69144225265523b710e31218,1800000.0,0,400.0,6.0,4.0,0,0,0,2,0,0,1,0,0,0,0,36.9008,10.1914,9.47953
68a83bb682a3d05f238f4d7a,350000.0,0,160.0,3.0,2.0,0,0,0,1,0,0,0,0,1,1,0,36.8986,10.1979,6.9507422
6912fb10145e1617cba33409,320000.0,1,141.0,3.0,1.0,0,0,0,2,0,0,0,0,0,1,0,36.8096,10.1364,9.47953
68fb357ad0d95991e103d186,720000.0,0,414.0,7.0,3.0,1,0,1,1,0,0,1,0,0,0,0,36.8096,10.1364,6.9507422
682c4fcc6e84e888afbf0b21,400000.0,0,135.0,5.0,3.0,1,1,0,1,1,0,0,0,0,0,0,36.8385,10.168,6.9507422
67c5850a93928ac5bc159498,550000.0,0,145.0,7.0,3.0,1,0,0,3,0,0,0,0,0,0,0,36.8369,10.1394,9.47953
69132200265523b710e27ada,950000.0,0,720.0,7.0,3.0,0,0,1,2,1,0,1,0,0,0,0,36.8096,10.1364,9.47953
6839cc94a2a7af120622a17f,1425000.0,0,500.0,4.0,3.0,0,0,0,0,0,0,0,0,0,0,0,36.8529,10.1725,4.399671
6911f071145e1617cba2852e,95000.0,1,74.0,3.0,1.0,0,0,0,0,0,0,0,0,0,0,0,36.8065,10.1815,4.399671
690a0da56490817594e35f0e,850000.0,0,300.0,5.0,3.0,0,0,0,2,1,0,1,0,1,0,1,36.872,10.2345,9.47953
691319b7145e1617cba34d14,800000.0,0,360.0,7.0,2.0,0,0,0,2,0,0,0,0,0,0,0,36.7254,10.3019,9.47953
6911e8df145e1617cba27a27,1150000.0,0,599.0,12.0,3.0,0,0,0,2,1,0,1,0,0,0,0,36.859,10.18,9.47953
69130758145e1617cba33d49,680000.0,0,400.0,6.0,2.0,0,1,0,2,1,0,1,0,0,0,0,36.8096,10.1364,9.47953
6906320d8e4e0e4acb5afd2d,480000.0,0,369.0,3.0,1.0,0,0,0,0,0,0,0,0,0,0,0,36.8665,10.1647,4.399671
6911aed9145e1617cba21c99,680000.0,0,400.0,6.0,2.0,0,1,0,2,1,0,1,0,0,0,0,36.8096,10.1364,9.47953
6911c583145e1617cba2450a,29665731.0,0,150.0,5.0,2.0,0,0,0,2,0,0,0,0,0,0,0,36.844,10.209,9.47953
6911c2d1145e1617cba23fc1,130000.0,0,130.0,3.0,1.0,0,1,0,1,0,0,0,0,0,0,0,36.847,10.1822,6.9507422
68f62269d0d95991e100ffd5,750000.0,0,310.0,4.0,3.0,1,0,0,2,1,0,1,0,0,0,0,36.8589,10.1906,9.47953
68f37fa8b756576ab40342f9,790000.0,0,250.0,4.0,4.0,0,0,1,3,1,0,1,0,1,1,0,36.7254,10.3019,9.47953
690e2a70145e1617cb9efa09,360000.0,0,280.0,4.0,1.0,0,0,0,0,1,0,1,0,0,0,0,36.8986,10.1979,4.399671
690e4c41145e1617cb9f2b12,845000.0,0,420.0,4.0,2.0,0,1,0,0,1,0,1,0,0,0,0,36.9008,10.1914,4.399671
690fa0b1145e1617cba076e3,70000.0,0,100.0,3.0,1.0,0,0,0,0,0,0,0,0,0,0,0,36.847,10.1822,4.399671
690eedef145e1617cb9f9aab,90000.0,0,90.0,2.0,1.0,0,0,0,0,0,0,0,0,0,0,0,36.847,10.1822,4.399671
690f2d94145e1617cb9fe623,320000.0,0,141.0,3.0,1.0,0,0,0,2,0,0,0,0,0,1,0,36.8096,10.1364,9.47953
690e09e4145e1617cb9ecfa4,170000.0,0,200.0,4.0,1.0,0,0,0,0,0,0,0,0,0,0,0,36.822,10.164,4.399671
690f1557145e1617cb9fc6b4,2000000.0,0,410.0,3.0,2.0,0,0,0,0,0,0,1,0,0,0,0,36.8514,10.2776,4.399671
690c8a3a6490817594e4a55a,297000.0,0,112.0,7.0,3.0,0,0,0,2,1,0,0,0,0,1,0,36.7436,10.3097,9.47953
690db1c3145e1617cb9e52a7,195000.0,0,124.0,5.0,4.0,0,0,0,2,0,0,0,0,0,0,0,36.7928,10.0927,9.47953
68ac283541fb09fcf7da21e1,4100000.0,0,1080.0,8.0,1.0,0,0,0,3,1,0,1,0,0,0,0,36.8529,10.3315,9.47953
686689a8d5464a896ca1f027,1150000.0,0,550.0,6.0,5.0,0,1,0,2,1,0,1,0,0,0,1,36.7531,10.2272,9.47953
68bee3f2c4782c5427ae7d6e,20236000.0,0,300.0,4.0,4.0,0,1,1,0,1,0,0,0,0,0,0,36.9008,10.1914,4.399671
68ee988153fa6375757c7796,230000.0,1,210.0,5.0,4.0,0,1,1,2,1,0,0,0,1,1,0,36.8611,10.2203,9.47953
690bc08f6490817594e44fcc,200000.0,0,80.0,2.0,1.0,0,0,0,0,0,0,0,0,0,0,0,36.8647,10.2243,4.399671
68da933e516f1ddb82e5f343,6000000.0,0,530.0,6.0,5.0,0,0,0,2,0,0,1,0,1,0,1,36.872,10.2345,9.47953
690b16088e4e0e4acb5da1b4,280000.0,0,156.0,4.0,1.0,0,0,0,0,0,0,1,0,0,1,0,36.7254,10.3019,4.399671
67c03a5faf2813f8075b63aa,2150000.0,0,1020.0,4.0,5.0,0,0,1,2,0,0,1,0,1,1,1,36.9008,10.1914,9.47953
690bc3756490817594e4517a,485000.0,1,225.0,3.0,1.0,0,0,0,0,0,0,1,0,0,0,0,36.9176,10.2874,4.399671
68bf01dd985e647fd0ea9d59,1050000.0,0,490.0,4.0,4.0,0,1,0,0,0,0,1,0,0,0,0,36.8629,10.1732,4.399671
690bbee06490817594e44ebf,890000.0,0,265.0,3.0,2.0,0,0,0,3,1,0,1,0,0,0,1,36.8782,10.3247,9.47953
690b331b8e4e0e4acb5db881,1180000.0,0,347.0,5.0,2.0,0,0,0,2,0,0,1,0,1,1,1,36.8096,10.1364,9.47953
6909c6ca8e4e0e4acb5ced09,460000.0,0,164.0,3.0,2.0,0,0,0,0,0,0,0,1,1,1,0,36.7303,10.3417,4.399671
6908bba28e4e0e4acb5c5dc2,4250000.0,0,910.0,6.0,4.0,1,1,0,2,1,0,1,0,0,0,1,36.9176,10.2874,9.47953
690881a31f77ff74fcddffd5,900000.0,0,170.0,3.0,2.0,0,1,0,2,0,0,0,0,0,0,0,36.8529,10.3315,9.47953
6909e4bd8e4e0e4acb5d05fa,950000.0,0,505.0,8.0,4.0,0,0,0,2,0,0,0,0,0,0,0,36.8369,10.1394,9.47953
6909c8cf8e4e0e4acb5ceeca,420000.0,1,100.0,5.0,3.0,0,0,1,3,1,0,0,0,0,0,0,36.723,10.2105,9.47953
6909db148e4e0e4acb5cfd53,2900000.0,0,1000.0,5.0,6.0,1,0,0,0,0,0,0,0,1,0,1,36.7254,10.3019,4.399671
68d16eee516f1ddb82e089de,212000.0,0,101.0,2.0,1.0,0,0,0,0,0,0,0,0,0,0,0,36.8314,10.3183,4.399671
690941706490817594e2f22f,245000000.0,1,78.0,4.0,2.0,0,0,0,2,0,0,0,0,0,0,0,36.8661,10.2526,9.47953
6907075f6490817594e18cce,690000000.0,0,410.0,4.0,2.0,0,0,0,0,1,0,0,0,0,0,0,36.8096,10.1364,4.399671
690878798e4e0e4acb5c2465,195000.0,0,124.0,5.0,3.0,0,1,0,2,0,0,0,0,0,0,0,36.7928,10.0927,9.47953
690603f78e4e0e4acb5ae034,70000.0,0,85.0,3.0,1.0,0,0,0,2,1,0,0,0,0,0,0,36.9021,10.0403,9.47953
69072f728e4e0e4acb5b6626,1350000.0,0,600.0,6.0,4.0,0,1,0,2,0,0,1,0,0,1,0,36.8609,10.1747,9.47953
6903cba9d0d95991e1088e1d,52290860.0,0,110.0,4.0,2.0,0,0,0,2,0,0,0,0,0,0,0,36.8601,10.1971,9.47953
69037a0fd0d95991e10852f6,720000.0,0,330.0,4.0,1.0,0,1,0,2,0,0,1,0,0,0,0,36.6956,10.2824,9.47953
690480ad6490817594e041d2,530000.0,0,280.0,4.0,2.0,0,0,1,2,1,0,0,0,0,0,0,36.7116,10.3947,9.47953
68cd65da07c7711d7c707d72,850000.0,0,200.0,4.0,3.0,0,0,0,0,1,0,1,0,1,1,0,36.8611,10.2203,4.399671
6900a086b756576ab40a6208,650000.0,0,500.0,8.0,4.0,0,0,0,2,0,0,0,0,0,0,0,36.8986,10.1979,9.47953
6901ff43d0d95991e1077a48,150000.0,0,166.0,4.0,2.0,0,0,0,2,0,0,0,0,1,0,0,36.8354,10.0489,9.47953
690a29f06490817594e3762f,600000.0,0,194.0,4.0,3.0,0,0,0,0,0,0,0,0,0,0,0,36.9008,10.1914,4.399671
692d63d3145e1617cbaeaace,1700000.0,0,616.0,8.0,3.0,0,0,0,0,0,0,0,0,0,0,0,36.8589,10.1906,4.399671
6931a7d5265523b710efb2d3,95000.0,0,122.0,1.0,1.0,0,0,0,0,0,0,0,0,0,0,0,36.847,10.1822,3.197968
69273820145e1617cbaca2eb,650000.0,0,498.0,7.0,2.0,0,0,0,0,0,0,0,0,0,0,0,36.7403,10.2516,4.399671
69203646265523b710e8dd69,990000.0,0,440.0,6.0,4.0,0,0,0,0,0,0,0,0,0,0,0,36.8615,10.1889,4.399671
691ee542145e1617cba9091a,440000.0,0,240.0,4.0,2.0,0,0,0,0,0,0,0,0,0,0,0,36.872,10.2345,4.399671
68b859b1df9d8936c105e877,500000.0,0,323.0,3.0,1.0,0,0,0,0,0,0,0,0,0,0,0,36.7531,10.2272,4.399671
68b5bc74711369bbe4f5d7db,540000.0,0,388.0,4.0,2.0,0,0,0,0,0,0,0,0,0,0,0,36.8096,10.1364,4.399671
6915bb28145e1617cba4b75e,350000.0,0,300.0,7.0,4.0,0,0,0,0,0,0,0,0,0,0,0,36.7928,10.0927,4.399671
68cc183907c7711d7c6fb0de,740000.0,0,335.0,6.0,3.0,0,0,0,0,0,0,0,0,0,0,0,36.7116,10.3947,4.399671
68baaf49c4782c5427abea7e,760000.0,0,527.0,4.0,5.0,0,0,0,0,0,0,0,0,0,0,0,36.7254,10.3019,4.399671
690c887f6490817594e4a41e,550000.0,0,220.0,3.0,2.0,0,0,0,0,0,0,0,0,0,0,0,36.8615,10.1889,4.399671
68b1819c711369bbe4f33cfa,720000.0,0,805.0,3.0,3.0,0,0,0,0,0,0,0,0,0,0,0,36.8625,10.1505,4.399671
690a2cfa8e4e0e4acb5d3f83,1250000.0,0,256.0,3.0,3.0,0,0,0,0,0,0,0,0,0,0,0,36.8514,10.2776,4.399671
69050c096490817594e0ad88,370000.0,0,170.0,12.0,4.0,0,0,0,0,0,0,0,0,0,0,0,36.7403,10.2516,4.399671
69037beed0d95991e1085487,1150000.0,0,480.0,5.0,3.0,0,0,0,0,0,0,0,0,0,0,0,36.8615,10.1889,4.399671
6902007fb756576ab40b2cb3,395000.0,0,198.0,3.0,1.0,0,0,0,0,0,0,0,0,0,0,0,36.7116,10.3947,4.399671
68e3a1786c505afdc05f786e,830000.0,0,230.0,4.0,3.0,0,0,0,0,0,0,0,0,0,0,0,36.6956,10.2824,4.399671
690089a3d0d95991e1069da7,480000.0,0,230.0,5.0,3.0,0,0,0,0,0,0,0,0,0,0,0,36.872,10.2345,4.399671
69022974d0d95991e1079a6c,750000.0,0,210.0,3.0,1.0,0,0,0,0,0,0,0,0,0,0,0,36.8986,10.1979,4.399671
68b2cce6df9d8936c1026f38,275000.0,0,145.0,4.0,1.0,0,0,0,0,0,0,0,0,0,0,0,36.8205,10.1405,4.399671
6901109fd0d95991e1070888,320000.0,0,156.0,8.0,3.0,0,0,0,0,0,0,0,0,0,0,0,36.8457,10.1039,4.399671
68d678dd516f1ddb82e3923c,1900000.0,0,816.0,6.0,3.0,0,0,0,0,0,0,0,0,0,0,0,36.8416,10.1587,4.399671
68a5d83fccec382a0d7187f6,1320000.0,0,620.0,5.0,3.0,0,0,0,0,0,0,0,0,0,0,0,36.872,10.2345,4.399671
68ff75f5a8da4ccab904ef3f,1280000.0,0,440.0,4.0,2.0,0,0,0,0,0,0,0,0,0,0,0,36.9008,10.1914,4.399671
68fe56e3d0d95991e1058a3f,90000.0,0,110.0,3.0,1.0,0,0,0,0,0,0,0,0,0,0,0,36.9073,10.2081,4.399671
68fd4210d0d95991e1050f92,300000.0,0,257.0,5.0,2.0,0,0,0,0,0,0,0,0,0,0,0,36.8457,10.1039,4.399671
68c82f9b07c7711d7c6d4a7b,380000.0,0,210.0,3.0,2.0,0,0,0,0,0,0,0,0,0,0,0,36.8619,10.0407,4.399671
68ff3224d0d95991e105e691,600000.0,0,325.0,4.0,3.0,0,0,0,0,0,0,0,0,0,0,0,36.8665,10.1647,4.399671
68fe78d2b756576ab4094f1f,245000.0,0,113.0,2.0,1.0,0,0,0,0,0,0,0,0,0,0,0,36.8181,10.3056,4.399671
6839aaeea2a7af1206228286,1400000.0,0,700.0,5.0,4.0,0,0,0,0,0,0,0,0,0,0,0,36.8529,10.3315,4.399671
68f6215c5709529b94aa446a,385000.0,0,330.0,3.0,3.0,0,0,0,0,0,0,0,0,0,0,0,36.7531,10.2272,4.399671
68ff5711d0d95991e105fe2f,33333.0,0,130.0,6.0,3.0,0,0,0,0,0,0,0,0,0,0,0,36.8665,10.1647,4.399671
68c055c9c4782c5427af745d,900000.0,0,910.0,5.0,3.0,0,0,0,0,0,0,0,0,0,0,0,36.7254,10.3019,4.399671
68fa475dd0d95991e10360b3,420000.0,0,300.0,6.0,3.0,0,0,0,0,0,0,0,0,0,0,0,36.9073,10.2081,4.399671
68fbca9dd0d95991e10443a4,265000.0,0,300.0,5.0,3.0,0,0,0,0,0,0,0,0,0,0,0,36.7254,10.3019,4.399671
68fa4174b756576ab4070824,460000.0,0,164.0,3.0,2.0,0,0,0,0,0,0,0,0,0,0,0,36.7303,10.3417,4.399671
68fb3cbdd0d95991e103d7d0,620000.0,0,614.0,5.0,3.0,0,0,0,0,0,0,0,0,0,0,0,36.6956,10.2824,4.399671
68fb77d2b756576ab407b157,520000.0,0,140.0,4.0,3.0,0,0,0,0,0,0,0,0,0,0,0,36.8782,10.3247,4.399671
68ecc8c853fa6375757b54cf,460001.0,0,164.0,3.0,1.0,0,0,0,0,0,0,0,0,0,0,0,36.7303,10.3417,4.399671
68fc943ed0d95991e1049642,500000.0,0,68.0,3.0,1.0,0,0,0,0,0,0,0,0,0,0,0,36.8065,10.1815,4.399671
68f8bc9bb756576ab4062074,560000.0,0,207.0,4.0,3.0,0,0,0,0,0,0,0,0,0,0,0,36.8661,10.2526,4.399671
68f8b534d0d95991e1027066,550000.0,0,257.0,5.0,3.0,0,0,0,0,0,0,0,0,0,0,0,36.868,10.17,4.399671
67a3310becbb2843cb40b8a2,648000.0,0,410.0,5.0,4.0,0,0,0,0,0,0,0,0,0,0,0,36.7436,10.3097,4.399671
67f1223fca3467b14e74bb2e,300000.0,0,92.0,3.0,2.0,0,0,0,0,0,0,0,0,0,0,0,36.8096,10.1364,4.399671
68f896c7d0d95991e10255ea,670000.0,0,460.0,5.0,3.0,0,0,0,0,0,0,0,0,0,0,0,36.865,10.153,4.399671
68f8de7fd0d95991e1028efe,1800000.0,0,223.0,5.0,2.0,0,0,0,0,0,0,0,0,0,0,0,36.8514,10.2776,4.399671
68fa002ad0d95991e10325e5,1080000.0,0,482.0,8.0,3.0,0,0,0,0,0,0,0,0,0,0,0,36.8609,10.1747,4.399671
68f8b017b756576ab4061690,450000.0,0,325.0,4.0,1.0,0,0,0,0,0,0,0,0,0,0,0,36.8665,10.1647,4.399671
68f66b65b756576ab404e757,450000.0,0,400.0,4.0,1.0,0,0,0,0,0,0,0,0,0,0,0,36.8986,10.1979,4.399671
68f65b1bb756576ab404db87,800000.0,0,200.0,4.0,2.0,0,0,0,0,0,0,0,0,0,0,0,36.9176,10.2874,4.399671
68f612c0b756576ab4049ee3,480000.0,0,345.0,3.0,1.0,0,0,0,0,0,0,0,0,0,0,0,36.8083,10.0997,4.399671
68f62909d0d95991e10104a8,199000.0,0,96.0,2.0,1.0,0,0,0,0,0,0,0,0,0,0,0,36.8314,10.3183,4.399671
68f67681d0d95991e101462e,285000.0,0,75.0,3.0,1.0,0,0,0,0,0,0,0,0,0,0,0,36.822,10.164,4.399671
68f79f5dd0d95991e101e411,470000.0,0,372.0,5.0,4.0,0,0,0,0,0,0,0,0,0,0,0,36.8096,10.1364,4.399671
68f767c7b756576ab4056273,390000.0,0,300.0,2.0,1.0,0,0,0,0,0,0,0,0,0,0,0,36.7928,10.0927,4.399671
68f621ca5709529b94aa44ad,480000.0,0,368.0,2.0,1.0,0,0,0,0,0,0,0,0,0,0,0,36.8986,10.1979,4.399671
68d5202207c7711d7c753fd1,880000.0,0,350.0,7.0,3.0,0,0,0,0,0,0,0,0,0,0,0,36.8589,10.1906,4.399671
67372ba70d8480a1e00ef3ca,830000.0,0,188.0,3.0,2.0,0,0,0,0,0,0,0,0,0,0,0,36.8625,10.1505,4.399671
68dd1e6307c7711d7c7a02cf,870000.0,0,110.0,3.0,3.0,0,0,0,0,0,0,0,0,0,0,0,36.8782,10.3247,4.399671
68f74d23b756576ab4054960,850000.0,0,160.0,2.0,1.0,0,0,0,0,0,0,0,0,0,0,0,36.845,10.1595,4.399671
68f39052b756576ab4034f73,150000.0,0,77.0,2.0,1.0,0,0,0,0,0,0,0,0,0,0,0,36.7928,10.0927,4.399671
68f37bd9b756576ab403401a,1690000.0,0,530.0,6.0,6.0,0,0,0,0,0,0,0,0,0,0,0,36.7254,10.3019,4.399671
68dfa6fc6c505afdc05d351a,450000.0,0,167.0,4.0,2.0,0,0,0,0,0,0,0,0,0,0,0,36.8986,10.1979,4.399671
6899be15dbb2ce981b9cf356,394000.0,0,240.0,3.0,1.0,0,0,0,0,0,0,0,0,0,0,0,36.8986,10.1979,4.399671
68f4c6e37affbf2b037c5233,170000.0,0,86.0,4.0,2.0,0,0,0,0,0,0,0,0,0,0,0,36.8065,10.1815,4.399671
685c4494d5464a896c9b3963,170000.0,0,240.0,3.0,1.0,0,0,0,0,0,0,0,0,0,0,0,36.8083,10.0997,4.399671
68f5f69bd0d95991e100e3fb,900000.0,0,400.0,4.0,2.0,0,0,0,0,0,0,0,0,0,0,0,36.8589,10.1906,4.399671
68f53713d0d95991e1009853,150000.0,0,150.0,2.0,1.0,0,0,0,0,0,0,0,0,0,0,0,36.8619,10.0407,4.399671
68f229e5b4ca0f9adbcc9d9b,676600.0,0,200.0,6.0,3.0,0,0,0,0,0,0,0,0,0,0,0,36.8601,10.1971,4.399671
68f263dcb756576ab402b907,850000.0,0,270.0,3.0,2.0,0,0,0,0,0,0,0,0,0,0,0,36.8782,10.3247,4.399671
68f222acb4ca0f9adbcc99ad,550000.0,0,220.0,3.0,2.0,0,0,0,0,0,0,0,0,0,0,0,36.8083,10.0997,4.399671
68f115b953fa6375757df27d,560000.0,0,452.0,4.0,1.0,0,0,0,0,0,0,0,0,0,0,0,36.7225,10.208,4.399671
68f2161ad0d95991e1fed30a,789999.0,0,300.0,2.0,3.0,0,0,0,0,0,0,0,0,0,0,0,36.872,10.2345,4.399671
68f0dc5753fa6375757dbefc,460000.0,0,164.0,3.0,1.0,0,0,0,0,0,0,0,0,0,0,0,36.7303,10.3417,4.399671
68f35dbbb756576ab4032af8,395000.0,0,1000.0,5.0,2.0,0,0,0,0,0,0,0,0,0,0,0,36.7,10.3,4.399671
68f24ec1b756576ab402a7fa,699999.0,0,220.0,3.0,3.0,0,0,0,0,0,0,0,0,0,0,0,36.8986,10.1979,4.399671
68cbe488516f1ddb82dd0166,1200000.0,0,525.0,6.0,4.0,0,0,0,0,0,0,0,0,0,0,0,36.8574,10.1853,4.399671
68f25174b756576ab402aa14,360000.0,0,800.0,6.0,2.0,0,0,0,0,0,0,0,0,0,0,0,36.847,10.1822,4.399671
68f0b3cb3e7ffb8ac15c2167,580000.0,0,120.0,3.0,2.0,0,0,0,0,0,0,0,0,0,0,0,36.8782,10.3247,4.399671
68ef58af3e7ffb8ac15b4aaa,220000.0,0,100.0,5.0,2.0,0,0,0,0,0,0,0,0,0,0,0,36.8231,10.1416,4.399671
68efd1a23e7ffb8ac15baf2b,340000.0,0,160.0,3.0,2.0,0,0,0,0,0,0,0,0,0,0,0,36.7235,10.212,4.399671
68ef892f3e7ffb8ac15b7161,900000.0,0,500.0,11.0,4.0,0,0,0,0,0,0,0,0,0,0,0,36.723,10.2105,4.399671
68f0db543e7ffb8ac15c460e,265000.0,0,300.0,5.0,3.0,0,0,0,0,0,0,0,0,0,0,0,36.7254,10.3019,4.399671
68f0c10853fa6375757da584,395000.0,0,101.0,3.0,3.0,0,0,0,0,0,0,0,0,0,0,0,36.867,10.2245,4.399671
68eea9f919ccef03300e7b5d,180000.0,0,195.0,6.0,3.0,0,0,0,0,0,0,0,0,0,0,0,36.9073,10.2081,4.399671
685f07e5d5464a896c9cfb9b,350000.0,0,140.0,5.0,2.0,0,0,0,0,0,0,0,0,0,0,0,36.8314,10.3183,4.399671
68eed2ac3e7ffb8ac15b2841,235000.0,0,196.0,3.0,1.0,0,0,0,0,0,0,0,0,0,0,0,36.7928,10.0927,4.399671
68246dd6a9299683d0ac6389,750000.0,0,460.0,4.0,2.0,0,0,0,0,0,0,0,0,0,0,0,36.7361,10.2375,4.399671
68ee5fb43e7ffb8ac15ad3cf,380000.0,0,200.0,2.0,1.0,0,0,0,0,0,0,0,0,0,0,0,36.8181,10.3056,4.399671
68ee6b623e7ffb8ac15add98,24570011.0,0,285.0,4.0,2.0,0,0,0,0,0,0,0,0,0,0,0,36.8065,10.1815,4.399671
68ee3cf453fa6375757c2f06,140000.0,0,250.0,3.0,1.0,0,0,0,0,0,0,0,0,0,0,0,36.7604,10.0568,4.399671
68714cd994cd0376dcdba0fc,2500000.0,0,652.0,5.0,3.0,0,0,0,0,0,0,0,0,0,0,0,36.8514,10.2776,4.399671
68e60b80e7035d31a411f273,860000.0,0,224.0,3.0,3.0,0,0,0,0,0,0,0,0,0,0,0,36.8625,10.1505,4.399671
68aecc8482a3d05f239388f2,685000.0,0,160.0,3.0,1.0,0,0,0,0,0,0,0,0,0,0,0,36.8314,10.3183,4.399671
68ed07c953fa6375757b81c6,900000.0,0,370.0,7.0,2.0,0,0,0,0,0,0,0,0,0,0,0,36.8529,10.3315,4.399671
68ef2e353e7ffb8ac15b3a57,90000.0,0,160.0,3.0,1.0,0,0,0,0,0,0,0,0,0,0,0,36.7385,9.9716,4.399671
68daac64516f1ddb82e60bab,720000.0,0,414.0,7.0,3.0,0,0,0,0,0,0,0,0,0,0,0,36.8096,10.1364,4.399671
68eba12853fa6375757abc7b,6000000.0,0,5000.0,9.0,6.0,0,0,0,0,0,0,0,0,0,0,0,36.872,10.2345,4.399671
68ecd72e53fa6375757b5e2b,170000.0,0,140.0,1.0,1.0,0,0,0,0,0,0,0,0,0,0,0,36.8065,10.1815,3.197968
68eac37d3e7ffb8ac158ef02,350000.0,0,130.0,2.0,1.0,0,0,0,0,0,0,0,0,0,0,0,36.8111,10.0806,4.399671
68ece8a83e7ffb8ac159f202,400000.0,0,108.0,6.0,2.0,0,0,0,0,0,0,0,0,0,0,0,36.8529,10.3315,4.399671
68ebe87753fa6375757af28c,700000.0,0,213.0,7.0,2.0,0,0,0,0,0,0,0,0,0,0,0,36.8111,10.0806,4.399671
68ecc2683e7ffb8ac159d8ee,350000.0,0,200.0,3.0,2.0,0,0,0,0,0,0,0,0,0,0,0,36.8629,10.1732,4.399671
68eb8c573e7ffb8ac159345b,250000.0,0,110.0,2.0,1.0,0,0,0,0,0,0,0,0,0,0,0,36.7239,10.2096,4.399671
680b6d33c5beda2b51cfb861,330000.0,0,290.0,3.0,2.0,0,0,0,0,0,0,0,0,0,0,0,36.8986,10.1979,4.399671
68ecad593e7ffb8ac159cb2b,700000.0,0,363.0,5.0,2.0,0,0,0,0,0,0,0,0,0,0,0,36.8611,10.2203,4.399671
68ecbb597c2836ef658b30dd,900000.0,0,371.0,5.0,4.0,0,0,0,0,0,0,0,0,0,0,0,36.8585,10.1745,4.399671
68a4757cccec382a0d70727c,1650000.0,0,330.0,3.0,4.0,0,0,0,0,0,0,0,0,0,0,0,36.9176,10.2874,4.399671
68ecd04b3e7ffb8ac159e157,400000.0,0,222.0,5.0,2.0,0,0,0,0,0,0,0,0,0,0,0,36.723,10.2105,4.399671
68ea643c3e7ffb8ac158a974,600000.0,0,290.0,11.0,3.0,0,0,0,0,0,0,0,0,0,0,0,36.6956,10.2824,4.399671
68a5a2373398639ecd901772,520000.0,0,300.0,6.0,2.0,0,0,0,0,0,0,0,0,0,0,0,36.872,10.2345,4.399671
6821bee8cb21b3571b421e92,1150000.0,0,388.0,4.0,4.0,0,0,0,0,0,0,0,0,0,0,0,36.8665,10.1647,4.399671
68e8ca4153fa637575792998,950000.0,0,480.0,1.0,1.0,0,0,0,0,0,0,0,0,0,0,0,36.8096,10.1364,3.197968
68e95a623e7ffb8ac1582842,27108709.0,0,200.0,7.0,2.0,0,0,0,0,0,0,0,0,0,0,0,36.844,10.209,4.399671
68a70dcd3398639ecd911c7a,570000.0,0,210.0,4.0,3.0,0,0,0,0,0,0,0,0,0,0,0,36.8619,10.0407,4.399671
68e822413e7ffb8ac15777bb,140000.0,0,198.0,4.0,2.0,0,0,0,0,0,0,0,0,0,0,0,36.8093,10.0972,4.399671
68b85c0f711369bbe4f78474,195000.0,0,64.0,1.0,1.0,0,0,0,0,0,0,0,0,0,0,0,36.848,10.142,3.197968
68ea3ea353fa6375757a0495,330000.0,0,250.0,2.0,1.0,0,0,0,0,0,0,0,0,0,0,0,36.7604,10.0568,4.399671
68e68278e7035d31a41257b9,450000.0,0,1000.0,5.0,2.0,0,0,0,0,0,0,0,0,0,0,0,36.6956,10.2824,4.399671
68e681fe6c505afdc0614b43,390000.0,0,700.0,3.0,2.0,0,0,0,0,0,0,0,0,0,0,0,36.7254,10.3019,4.399671
68e681966c505afdc0614ada,245000.0,0,200.0,2.0,1.0,0,0,0,0,0,0,0,0,0,0,0,36.7116,10.3947,4.399671
68e7e1773e7ffb8ac1574508,380000.0,0,167.0,7.0,3.0,0,0,0,0,0,0,0,0,0,0,0,36.9073,10.2081,4.399671
68e681806c505afdc0614ac8,239000.0,0,103.0,2.0,1.0,0,0,0,0,0,0,0,0,0,0,0,36.7403,10.2516,4.399671
68e68ed5e7035d31a4126176,370000.0,0,200.0,3.0,1.0,0,0,0,0,0,0,0,0,0,0,0,36.7254,10.3019,4.399671
68e793fe3e7ffb8ac15701af,1350000.0,0,650.0,5.0,2.0,0,0,0,0,0,0,0,0,0,0,0,36.8586,10.1822,4.399671
68e69b64e7035d31a4126b33,580000.0,0,400.0,5.0,3.0,0,0,0,0,0,0,0,0,0,0,0,36.8986,10.1979,4.399671
68e63d236c505afdc0610be4,210000.0,0,160.0,3.0,1.0,0,0,0,0,0,0,0,0,0,0,0,36.8385,10.168,4.399671
68e4f1a0e7035d31a4115019,400000.0,0,300.0,3.0,1.0,0,0,0,0,0,0,0,0,0,0,0,36.8611,10.2203,4.399671
68e58ff9e7035d31a411d6ab,850000.0,0,171.0,18.0,4.0,0,0,0,0,0,0,0,0,0,0,0,36.8314,10.3183,4.399671
68e52295e7035d31a4117c96,265000.0,0,300.0,5.0,3.0,0,0,0,0,0,0,0,0,0,0,0,36.7254,10.3019,4.399671
68e4d4966c505afdc06027d9,815000.0,0,386.0,12.0,4.0,0,0,0,0,0,0,0,0,0,0,0,36.843,10.165,4.399671
68e585f06c505afdc060c2f8,1400000.0,0,387.0,4.0,1.0,0,0,0,0,0,0,0,0,0,0,0,36.8416,10.1587,4.399671
68e639ebe7035d31a412153a,790000.0,0,300.0,1.0,1.0,0,0,0,0,0,0,0,0,0,0,0,36.872,10.2345,3.197968
68e4faa86c505afdc0604c8f,350000.0,0,150.0,2.0,1.0,0,0,0,0,0,0,0,0,0,0,0,36.8369,10.1394,4.399671
68e65edb6c505afdc06129a5,110000.0,0,140.0,4.0,1.0,0,0,0,0,0,0,0,0,0,0,0,36.845,10.1595,4.399671
68e64fc4e7035d31a412293b,270000.0,0,160.0,2.0,1.0,0,0,0,0,0,0,0,0,0,0,0,36.8665,10.1647,4.399671
68e649846c505afdc06117c3,850000.0,0,506.0,3.0,2.0,0,0,0,0,0,0,0,0,0,0,0,36.7361,10.2375,4.399671
68e426606c505afdc05fe790,1350000.0,0,160.0,3.0,2.0,0,0,0,0,0,0,0,0,0,0,0,36.8782,10.3247,4.399671
68e3f3bf6c505afdc05fba7e,550000.0,0,800.0,6.0,2.0,0,0,0,0,0,0,0,0,0,0,0,36.8986,10.1979,4.399671
68e2c147e7035d31a410189c,190000.0,0,200.0,3.0,2.0,0,0,0,0,0,0,0,0,0,0,0,36.8065,10.1815,4.399671
68c06224c4782c5427af7e20,850000.0,0,620.0,3.0,1.0,0,0,0,0,0,0,0,0,0,0,0,36.8986,10.1979,4.399671
68e3e50f6c505afdc05faea7,850000.0,0,305.0,5.0,2.0,0,0,0,0,0,0,0,0,0,0,0,36.8782,10.3247,4.399671
68e28d75e7035d31a40ff0ed,900000.0,0,337.0,7.0,2.0,0,0,0,0,0,0,0,0,0,0,0,36.8619,10.0407,4.399671
68dfd03d6c505afdc05d5a1a,820000.0,0,504.0,5.0,2.0,0,0,0,0,0,0,0,0,0,0,0,36.7225,10.208,4.399671
6870e29994cd0376dcdb3b17,870000.0,0,241.0,48.0,3.0,0,0,0,0,0,0,0,0,0,0,0,36.8609,10.1747,4.399671
68dfd0686c505afdc05d5a4b,630000.0,0,140.0,3.0,2.0,0,0,0,0,0,0,0,0,0,0,0,36.8782,10.3247,4.399671
68a5a3953398639ecd9018dc,250000.0,0,117.0,3.0,1.0,0,0,0,0,0,0,0,0,0,0,0,36.7681,10.2766,4.399671
68dfdaf16c505afdc05d63e8,280000000.0,0,780.0,6.0,5.0,0,0,0,0,0,0,0,0,0,0,0,36.8514,10.2776,4.399671
68dfec91e7035d31a40e7fc3,195000.0,0,140.0,3.0,2.0,0,0,0,0,0,0,0,0,0,0,0,36.7604,10.0568,4.399671
68e11eafe7035d31a40f2482,350000.0,0,190.0,7.0,2.0,0,0,0,0,0,0,0,0,0,0,0,36.8369,10.1394,4.399671
68e14b5ce7035d31a40f4801,123456.0,0,75.0,3.0,1.0,0,0,0,0,0,0,0,0,0,0,0,36.6956,10.2824,4.399671
68e0fc256c505afdc05dfcce,890000.0,0,1717.0,10.0,6.0,0,0,0,0,0,0,0,0,0,0,0,36.9073,10.2081,4.399671
68e138696c505afdc05e2b7c,360000.0,0,190.0,5.0,2.0,0,0,0,0,0,0,0,0,0,0,0,36.838,10.151,4.399671
68dffd4de7035d31a40e8d2a,950000.0,0,580.0,7.0,3.0,0,0,0,0,0,0,0,0,0,0,0,36.8369,10.1394,4.399671
68dd5043516f1ddb82e7ab7f,870000.0,0,470.0,5.0,2.0,0,0,0,0,0,0,0,0,0,0,0,36.868,10.17,4.399671
68c2cb16985e647fd0ecf261,1500000.0,0,900.0,7.0,3.0,0,0,0,0,0,0,0,0,0,0,0,36.872,10.2345,4.399671
68dea31fe7035d31a40dbbcd,1500000.0,0,398.0,10.0,2.0,0,0,0,0,0,0,0,0,0,0,0,36.8231,10.1674,4.399671
6827448a6238a0abfdd0df29,145000.0,0,101.0,1.0,1.0,0,0,0,0,0,0,0,0,0,0,0,36.9073,10.2081,3.197968
674986f30d8480a1e019f6c5,520000.0,0,241.0,6.0,3.0,0,0,0,0,0,0,0,0,0,0,0,36.845,10.1595,4.399671
68dc046d516f1ddb82e6de4a,110000.0,0,110.0,3.0,1.0,0,0,0,0,0,0,0,0,0,0,0,36.822,10.164,4.399671
68dc35f607c7711d7c798947,429000.0,0,240.0,5.0,2.0,0,0,0,0,0,0,0,0,0,0,0,36.8369,10.1394,4.399671
68dbaf7307c7711d7c791468,280000.0,0,170.0,4.0,1.0,0,0,0,0,0,0,0,0,0,0,0,36.7303,10.3417,4.399671
68dbb11c516f1ddb82e691be,1400000.0,0,500.0,9.0,4.0,0,0,0,0,0,0,0,0,0,0,0,36.865,10.153,4.399671
68dc3fce516f1ddb82e70d05,580000.0,0,492.0,2.0,1.0,0,0,0,0,0,0,0,0,0,0,0,36.8661,10.2526,4.399671
68db7b9207c7711d7c78eda0,225000.0,0,200.0,4.0,2.0,0,0,0,0,0,0,0,0,0,0,0,36.8665,10.1647,4.399671
68db9c3b516f1ddb82e67d10,480000.0,0,218.0,3.0,1.0,0,0,0,0,0,0,0,0,0,0,0,36.7436,10.3097,4.399671
68cbd28b516f1ddb82dcefb5,650000.0,0,240.0,6.0,2.0,0,0,0,0,0,0,0,0,0,0,0,36.8665,10.1647,4.399671
68da545c516f1ddb82e5bff3,790000.0,0,300.0,2.0,3.0,0,0,0,0,0,0,0,0,0,0,0,36.872,10.2345,4.399671
68da848b516f1ddb82e5e48c,450000.0,0,101.0,3.0,2.0,0,0,0,0,0,0,0,0,0,0,0,36.867,10.2245,4.399671
68da55c3516f1ddb82e5c108,65000.0,0,100.0,2.0,1.0,0,0,0,0,0,0,0,0,0,0,0,36.7928,10.0927,4.399671
68da82ce07c7711d7c7866db,2900000.0,0,2645.0,7.0,2.0,0,0,0,0,0,0,0,0,0,0,0,36.868,10.17,4.399671
68da26c1516f1ddb82e5a587,330000.0,0,217.0,6.0,2.0,0,0,0,0,0,0,0,0,0,0,0,36.7303,10.3417,4.399671
68d93492516f1ddb82e52a89,800000.0,0,725.0,7.0,4.0,0,0,0,0,0,0,0,0,0,0,0,36.7309,10.3236,4.399671
68d7beb7516f1ddb82e45359,1400000.0,0,388.0,3.0,1.0,0,0,0,0,0,0,0,0,0,0,0,36.8529,10.3315,4.399671
68d7c538516f1ddb82e459da,260000.0,0,120.0,2.0,2.0,0,0,0,0,0,0,0,0,0,0,0,36.8661,10.2526,4.399671
68d8271407c7711d7c77284a,265000.0,0,300.0,5.0,3.0,0,0,0,0,0,0,0,0,0,0,0,36.7254,10.3019,4.399671
68d7bcc507c7711d7c76d4b7,4000000.0,0,500.0,5.0,2.0,0,0,0,0,0,0,0,0,0,0,0,36.8529,10.3315,4.399671
68d6cca1516f1ddb82e3d9a3,1350000.0,0,605.0,4.0,2.0,0,0,0,0,0,0,0,0,0,0,0,36.8586,10.1822,4.399671
68d7ab02516f1ddb82e44302,100000.0,0,145.0,3.0,1.0,0,0,0,0,0,0,0,0,0,0,0,36.723,10.2105,4.399671
68d669dd07c7711d7c76095b,450000.0,0,387.0,3.0,1.0,0,0,0,0,0,0,0,0,0,0,0,36.8665,10.1647,4.399671
67b4370686d5f7a45c1d536f,360000.0,0,522.0,4.0,1.0,0,0,0,0,0,0,0,0,0,0,0,36.9073,10.2081,4.399671
68d6988507c7711d7c762feb,1399998.0,0,388.0,4.0,2.0,0,0,0,0,0,0,0,0,0,0,0,36.8529,10.3315,4.399671
68d686b607c7711d7c761fb6,140000.0,0,240.0,4.0,2.0,0,0,0,0,0,0,0,0,0,0,0,36.8601,10.1971,4.399671
68d7bc0007c7711d7c76d410,1550000.0,0,327.0,2.0,3.0,0,0,0,0,0,0,0,0,0,0,0,36.8529,10.3315,4.399671
67935e4d6286c2414574d22e,1600000.0,0,180.0,2.0,3.0,0,0,0,0,0,0,0,0,0,0,0,36.8661,10.2526,4.399671
68d51b18516f1ddb82e2b80b,210000.0,0,100.0,4.0,2.0,0,0,0,0,0,0,0,0,0,0,0,36.844,10.209,4.399671
68d3f786516f1ddb82e21c67,1137497.0,0,339.0,3.0,3.0,0,0,0,0,0,0,0,0,0,0,0,36.8625,10.1505,4.399671
68d5233907c7711d7c7542e7,1200000.0,0,500.0,4.0,2.0,0,0,0,0,0,0,0,0,0,0,0,36.7436,10.3097,4.399671
68d42b01516f1ddb82e24755,870000.0,0,541.0,7.0,4.0,0,0,0,0,0,0,0,0,0,0,0,36.8986,10.1979,4.399671
68d5e78707c7711d7c75d18d,680000.0,0,386.0,3.0,1.0,0,0,0,0,0,0,0,0,0,0,0,36.8611,10.2203,4.399671
68d3ff5c516f1ddb82e22428,1050000.0,0,482.0,8.0,2.0,0,0,0,0,0,0,0,0,0,0,0,36.8609,10.1747,4.399671
68d4127e07c7711d7c74b584,42000.0,0,108.0,2.0,1.0,0,0,0,0,0,0,0,0,0,0,0,36.8065,10.1815,4.399671
68d277ac516f1ddb82e12325,1600000.0,0,400.0,5.0,2.0,0,0,0,0,0,0,0,0,0,0,0,36.8354,10.0489,4.399671
68d27614516f1ddb82e12139,750000.0,0,210.0,3.0,1.0,0,0,0,0,0,0,0,0,0,0,0,36.8986,10.1979,4.399671
68d2764907c7711d7c73a086,1150000.0,0,480.0,5.0,2.0,0,0,0,0,0,0,0,0,0,0,0,36.8615,10.1889,4.399671
68d2e31807c7711d7c7401d1,580000.0,0,280.0,8.0,2.0,0,0,0,0,0,0,0,0,0,0,0,36.7116,10.3947,4.399671
68d2fc8d07c7711d7c741612,330000.0,0,116.0,2.0,1.0,0,0,0,0,0,0,0,0,0,0,0,36.8231,10.1416,4.399671
68d2d9ab07c7711d7c73fad6,4600000.0,0,970.0,5.0,4.0,0,0,0,0,0,0,0,0,0,0,0,36.8695,10.3417,4.399671
686ffe7d94cd0376dcdac26c,1000000.0,0,500.0,4.0,3.0,0,0,0,0,0,0,0,0,0,0,0,36.872,10.2345,4.399671
68d2a6ff516f1ddb82e14e5f,1234567.0,0,474.0,12.0,3.0,0,0,0,0,0,0,0,0,0,0,0,36.8096,10.1364,4.399671
68d26fc0516f1ddb82e11a1a,950000.0,0,710.0,4.0,1.0,0,0,0,0,0,0,0,0,0,0,0,36.7436,10.3097,4.399671
68ce73a4516f1ddb82de9662,570000.0,0,268.0,5.0,3.0,0,0,0,0,0,0,0,0,0,0,0,36.8096,10.1364,4.399671
68d1829307c7711d7c731ad2,260000.0,0,200.0,2.0,1.0,0,0,0,0,0,0,0,0,0,0,0,36.859,10.188,4.399671
68d16f76516f1ddb82e08a62,420000.0,0,200.0,3.0,1.0,0,0,0,0,0,0,0,0,0,0,0,36.7681,10.2766,4.399671
68d17f42516f1ddb82e09906,285000.0,0,160.0,4.0,2.0,0,0,0,0,0,0,0,0,0,0,0,36.8369,10.1394,4.399671
68d0340e07c7711d7c724342,900000.0,0,420.0,8.0,2.0,0,0,0,0,0,0,0,0,0,0,0,36.7239,10.2096,4.399671
6891cc6d4ad00efe9738dc09,350000.0,0,546.0,1.0,1.0,0,0,0,0,0,0,0,0,0,0,0,36.7239,10.2096,3.197968
68cd6ac607c7711d7c7082ad,900000.0,0,479.0,6.0,3.0,0,0,0,0,0,0,0,0,0,0,0,36.8096,10.1364,4.399671
68cfbff107c7711d7c71dcac,300000.0,0,115.0,3.0,1.0,0,0,0,0,0,0,0,0,0,0,0,36.8231,10.1416,4.399671
68cf266d516f1ddb82df2c21,650000.0,0,404.0,3.0,2.0,0,0,0,0,0,0,0,0,0,0,0,36.8083,10.0997,4.399671
680a6c01c1f8f57898e114be,889000.0,0,450.0,4.0,3.0,0,0,0,0,0,0,0,0,0,0,0,36.872,10.2345,4.399671
68cc1edb516f1ddb82dd38e5,420000.0,0,387.0,3.0,1.0,0,0,0,0,0,0,0,0,0,0,0,36.7361,10.2375,4.399671
68cc035707c7711d7c6f9ce4,1500000.0,0,540.0,2.0,2.0,0,0,0,0,0,0,0,0,0,0,0,36.8609,10.1747,4.399671
68cc3294516f1ddb82dd49c1,430000.0,0,190.0,4.0,2.0,0,0,0,0,0,0,0,0,0,0,0,36.7116,10.3947,4.399671
68cc2c6907c7711d7c6fc347,330000.0,0,250.0,5.0,1.0,0,0,0,0,0,0,0,0,0,0,0,36.7604,10.0568,4.399671
688b28d062d21a2c2e3e2d1b,1850000.0,0,1001.0,4.0,4.0,0,0,0,0,0,0,0,0,0,0,0,36.9008,10.1914,4.399671
68a7a317ccec382a0d72d688,550000.0,0,450.0,3.0,2.0,0,0,0,0,0,0,0,0,0,0,0,36.8986,10.1979,4.399671
68cd286a07c7711d7c704373,980000.0,0,600.0,6.0,5.0,0,0,0,0,0,0,0,0,0,0,0,36.7309,10.3236,4.399671
68c830a407c7711d7c6d4b77,800000.0,0,300.0,3.0,2.0,0,0,0,0,0,0,0,0,0,0,0,36.872,10.2345,4.399671
685212c20e1c20e3eb0c9e11,314000.0,1,62.7,1.0,1.0,1,0,0,0,1,1,1,0,1,1,0,36.872,10.2345,3.197968
692db5cf145e1617cbaedc91,590478.0,1,112.54,2.0,2.0,1,0,0,0,1,1,0,0,1,1,0,36.8181,10.3056,4.399671
682fc7556238a0abfdd5832b,358000.0,1,149.56,4.0,1.0,1,0,0,0,1,0,0,0,1,1,0,36.7403,10.2516,4.399671
685220d50e1c20e3eb0ca0ac,246000.0,1,51.7,1.0,1.0,1,1,0,0,1,1,0,0,1,1,0,36.872,10.2345,3.197968
692da5d0145e1617cbaed374,260778.0,1,62.09,1.0,1.0,1,0,0,0,1,1,0,0,1,1,0,36.8181,10.3056,3.197968
692dbabd265523b710ee09b9,539994.0,1,128.57,3.0,2.0,1,0,0,0,1,1,0,0,1,1,0,36.8181,10.3056,4.399671
68520e308a733cfc286d4f42,812400.0,1,121.8,2.0,1.0,1,0,0,0,1,1,1,0,1,1,0,36.872,10.2345,4.399671
690dbeef145e1617cb9e663a,356999.0,1,147.3,2.0,2.0,1,1,0,0,1,1,0,0,1,1,0,36.8083,10.0997,4.399671
685222650e1c20e3eb0ca0f3,385000.0,1,93.7,2.0,1.0,1,1,0,0,1,1,0,0,1,1,0,36.872,10.2345,4.399671
690dbad2145e1617cb9e600c,287000.0,1,108.1,2.0,2.0,1,1,0,0,1,1,0,0,1,1,0,36.8083,10.0997,4.399671
692da163145e1617cbaed17d,283836.0,1,67.58,1.0,1.0,1,0,0,0,1,1,0,0,1,1,0,36.8181,10.3056,3.197968
682fbfba6238a0abfdd58129,353000.0,1,147.29,4.0,1.0,1,0,0,0,1,0,0,0,1,1,0,36.7403,10.2516,4.399671
6852240b8a733cfc286d53ad,536000.0,1,126.9,3.0,1.0,1,0,0,0,1,1,0,0,1,1,0,36.872,10.2345,4.399671
690db759145e1617cb9e5ad9,259999.0,1,105.6,2.0,2.0,1,1,0,0,1,0,0,0,1,1,0,36.8083,10.0997,4.399671
685215780e1c20e3eb0c9eaa,537000.0,1,127.3,3.0,1.0,1,0,0,0,1,1,0,0,1,1,0,36.872,10.2345,4.399671
685210408a733cfc286d4fba,690000.0,1,101.2,2.0,1.0,1,0,0,0,1,1,1,0,1,1,0,36.872,10.2345,4.399671
692db977145e1617cbaedf24,260778.0,1,62.09,1.0,1.0,1,0,0,0,1,1,0,0,1,1,0,36.8181,10.3056,3.197968
68521b388a733cfc286d5258,388400.0,1,97.1,2.0,1.0,1,0,0,0,1,1,0,0,1,1,0,36.872,10.2345,4.399671
685142a00e1c20e3eb0bf206,706860.0,1,135.0,3.0,1.0,1,1,0,0,1,1,1,0,1,1,0,36.8986,10.1979,4.399671
685131e70e1c20e3eb0bdfc9,275311.0,1,83.0,2.0,1.0,1,0,0,0,1,1,0,0,1,1,0,36.8986,10.1979,4.399671
68514ecd0e1c20e3eb0bff65,396435.0,1,122.0,3.0,1.0,1,0,0,0,1,1,0,0,1,1,0,36.8986,10.1979,4.399671
690db3e1145e1617cb9e556d,350998.0,1,145.6,2.0,2.0,1,0,0,0,1,1,0,0,1,1,0,36.8083,10.0997,4.399671
684fd9d96596a8a5dfbdfbed,281945.0,1,85.0,2.0,1.0,1,0,0,0,1,1,0,0,1,1,0,36.8986,10.1979,4.399671
685137e10e1c20e3eb0be62f,258405.0,1,75.0,1.0,1.0,1,0,0,0,1,1,0,0,1,1,0,36.8986,10.1979,3.197968
690db888145e1617cb9e5cd3,260000.0,1,83.4,2.0,2.0,1,1,0,0,1,1,0,0,1,1,0,36.8083,10.0997,4.399671
685144018a733cfc286ca595,426930.0,1,133.0,3.0,1.0,1,0,0,0,1,1,1,0,0,1,0,36.8986,10.1979,4.399671
692db729145e1617cbaedd8d,283836.0,1,67.58,1.0,1.0,1,0,0,0,1,1,0,0,1,1,0,36.8181,10.3056,3.197968
690dc76e145e1617cb9e73f7,290000.0,1,120.6,4.0,2.0,1,1,0,0,1,1,0,0,1,1,0,36.8083,10.0997,4.399671
690dc550145e1617cb9e708e,324000.0,1,131.8,2.0,2.0,1,1,0,0,1,1,0,0,1,1,0,36.8083,10.0997,4.399671
690dc14e145e1617cb9e6a3f,320000.0,1,124.0,2.0,2.0,1,1,0,0,1,1,0,0,1,1,0,36.8083,10.0997,4.399671
690dc460145e1617cb9e6f12,350000.0,1,137.6,3.0,2.0,1,1,0,0,1,1,0,0,1,1,0,36.8083,10.0997,4.399671
690dc6a0145e1617cb9e7297,273000.0,1,110.1,2.0,1.0,1,1,0,0,1,1,0,0,1,1,0,36.8083,10.0997,4.399671
685146800e1c20e3eb0bf623,404460.0,1,126.0,2.0,1.0,1,0,0,0,1,0,0,0,1,1,0,36.8986,10.1979,4.399671
68514aca0e1c20e3eb0bfb22,398040.0,1,122.0,3.0,1.0,1,0,0,0,1,0,0,0,1,1,0,36.8986,10.1979,4.399671
684fd8056596a8a5dfbdfaf7,302082.0,1,83.0,2.0,1.0,1,1,0,0,1,1,0,0,1,1,0,36.8986,10.1979,4.399671
68515e430e1c20e3eb0c0fe1,758268.0,1,198.0,4.0,1.0,1,1,0,0,1,1,0,0,1,1,0,36.8986,10.1979,4.399671
68513fd88a733cfc286ca113,265146.0,1,78.0,2.0,1.0,1,1,0,0,1,1,0,0,1,1,0,36.8986,10.1979,4.399671
68513edc0e1c20e3eb0bedf7,271994.0,1,82.0,2.0,1.0,1,0,0,0,1,1,0,0,1,1,0,36.8986,10.1979,4.399671
685161e30e1c20e3eb0c1474,831096.0,1,224.0,5.0,2.0,1,1,0,0,1,1,0,0,1,1,0,36.8986,10.1979,4.399671
685155e80e1c20e3eb0c073d,789208.0,1,178.0,4.0,2.0,1,1,0,0,1,1,1,0,1,1,0,36.8986,10.1979,4.399671
685159800e1c20e3eb0c0adb,597023.0,1,173.0,4.0,1.0,1,1,0,0,1,0,0,0,1,1,0,36.8986,10.1979,4.399671
685147f68a733cfc286caa05,426930.0,1,133.0,3.0,1.0,1,0,0,0,1,0,0,0,1,1,0,36.8986,10.1979,4.399671
682fbdf541532c94f15f726c,280000.0,1,116.0,3.0,1.0,1,0,0,0,1,0,0,0,1,1,0,36.7403,10.2516,4.399671
682fcc3c6238a0abfdd5843c,290000.0,1,117.83,3.0,1.0,1,0,0,0,1,0,0,0,1,1,0,36.7403,10.2516,4.399671
68515b7e0e1c20e3eb0c0cdf,614278.0,1,178.0,4.0,1.0,1,0,0,0,1,1,0,0,1,1,0,36.8986,10.1979,4.399671
682fc4c441532c94f15f7470,358000.0,1,148.56,4.0,1.0,1,0,0,0,1,0,0,0,0,1,0,36.7403,10.2516,4.399671
682fc63841532c94f15f74c8,284000.0,1,117.4,3.0,1.0,1,0,0,0,1,0,0,0,1,1,0,36.7403,10.2516,4.399671
682fc3986238a0abfdd58251,356000.0,1,145.42,4.0,1.0,1,0,0,0,1,0,0,0,1,1,0,36.7403,10.2516,4.399671
682fceb341532c94f15f76c2,345000.0,1,140.49,4.0,1.0,1,0,0,0,1,0,0,0,1,1,0,36.7403,10.2516,4.399671
682fbc6541532c94f15f71f8,371000.0,1,141.63,4.0,1.0,1,1,0,0,1,0,0,0,1,1,0,36.7403,10.2516,4.399671
685bbe6694cd0376dccd0c1b,362000.0,1,118.12,3.0,2.0,1,1,0,0,1,1,0,0,1,1,0,36.7403,10.2516,4.399671
685bb9ee94cd0376dccd07ac,294000.0,1,95.49,2.0,2.0,1,0,0,0,1,1,0,0,1,1,0,36.7403,10.2516,4.399671
69286d3a8c249b1625cbab3b,160000.0,1,63.0,1.0,1.0,1,0,0,0,0,0,0,0,0,0,0,36.7403,10.2516,3.197968
685bbacfd5464a896c9ab5ce,284000.0,1,93.6,2.0,2.0,1,0,0,0,1,1,0,0,1,1,0,36.7403,10.2516,4.399671
685bb91c94cd0376dccd0708,310000.0,1,102.31,2.0,2.0,1,0,0,0,1,1,0,0,1,1,0,36.7403,10.2516,4.399671
685130370e1c20e3eb0bde54,275311.0,1,83.0,2.0,1.0,1,0,0,0,1,1,0,0,1,1,0,36.8986,10.1979,4.399671
685bbc68d5464a896c9ab741,328000.0,1,95.84,2.0,2.0,1,1,0,0,1,1,0,0,1,1,0,36.7403,10.2516,4.399671
6823bbe4a9299683d0ac1755,316788.0,1,70.27,2.0,1.0,1,0,0,0,1,0,1,0,1,1,1,36.8635,10.151,4.399671
68234fe59c6d6c11c5438c07,683565.0,1,144.99,4.0,1.0,1,0,0,0,1,1,1,0,1,1,1,36.8635,10.151,4.399671
68235738a9299683d0abcd2b,281009.0,1,61.7,2.0,1.0,1,0,0,0,1,0,1,0,1,1,1,36.8635,10.151,4.399671
6823368bcb21b3571b430116,375128.0,1,92.59,3.0,1.0,1,0,0,0,1,1,1,0,1,1,1,36.8635,10.151,4.399671
685160a70e1c20e3eb0c12fe,692342.0,1,182.0,4.0,1.0,1,1,0,0,1,1,0,0,1,1,0,36.8986,10.1979,4.399671
6823cbf4a9299683d0ac230a,586732.0,1,144.94,4.0,1.0,1,0,0,0,1,0,1,0,1,1,1,36.8635,10.151,4.399671
68515f9c8a733cfc286cc315,797419.0,1,199.0,4.0,1.0,1,1,0,0,1,1,0,0,1,1,0,36.8986,10.1979,4.399671
68235d5dff0896d3431a5aa4,586732.0,1,144.94,4.0,1.0,1,0,0,0,1,0,1,0,1,1,1,36.8635,10.151,4.399671
6823c3ebcb21b3571b436925,427051.0,1,113.32,3.0,1.0,1,0,0,0,1,1,1,0,1,1,1,36.8635,10.151,4.399671
68235a56a9299683d0abcf32,378908.0,1,93.55,3.0,1.0,1,0,0,0,1,1,1,0,1,1,1,36.8635,10.151,4.399671
6851587b8a733cfc286cbaf2,666638.0,1,173.0,4.0,1.0,1,1,0,0,1,1,0,0,1,1,0,36.8986,10.1979,4.399671
6825aaad6d86cc34129e88db,418577.0,1,113.6,3.0,2.0,1,0,0,0,1,0,1,0,1,1,1,36.8635,10.151,4.399671
6825a534cb21b3571b445fc1,407934.0,1,69.66,2.0,1.0,1,1,0,0,1,0,1,0,1,1,1,36.8635,10.151,4.399671
685153ad0e1c20e3eb0c04df,558705.0,1,126.0,3.0,1.0,1,1,0,0,1,1,0,0,0,1,0,36.8986,10.1979,4.399671
682331fba4782166326c9b34,282425.0,1,62.04,2.0,1.0,1,0,0,0,1,1,1,0,1,1,1,36.8635,10.151,4.399671
6825ad21a9299683d0ad1b0b,585646.0,1,144.66,4.0,2.0,1,0,0,0,1,0,1,0,1,1,1,36.8635,10.151,4.399671
