id,surface_df_results,surface_df_final
687a2a81d5464a896caf94d1,125.0,424.0
69429672cd04d08be74c63b7,0.0,170.0
694257f28914daae519cbc60,250.0,495.0
6852dd0f8a733cfc286dcaf0,500.0,500.0
6932d0af8914daae51964b23,0.0,670.0
69426a45cd04d08be74c4ca8,460.0,460.0
694143dbcd04d08be74bcba7,0.0,400.0
693c852f8914daae519a813d,356.0,356.0
67877bc97041684afec34d19,275.0,220.0
693296f8cd04d08be745b041,500.0,413.0
678798cb7041684afec3698d,500.0,580.0
69383ff08914daae5198a405,70.0,75.0
693c9049cd04d08be74a10c2,400.0,500.0
6914610a145e1617cba4010d,0.0,1053.0
694278398914daae519cc9dc,1000.0,1000.0
69429127cd04d08be74c60d9,400.0,400.0
67879dcded6f33de58c303a5,300.0,1014.0
694291c38914daae519cd810,190.0,110.0
690b0fb56490817594e3d6d1,300.0,1400.0
690ce35a8e4e0e4acb5ea7ac,616.0,616.0
693c3d0fcd04d08be749e2e5,220.0,175.0
67879ca7ed6f33de58c302a5,240.0,1053.0
69416d7c8914daae519c5da2,261.0,261.0
694195adcd04d08be74c00ed,0.0,129.0
69419fc9cd04d08be74c0763,250.0,440.0
68ee58843e7ffb8ac15acd0a,550.0,550.0
694167cd8914daae519c599c,150.0,300.0
694160b08914daae519c5536,200.0,300.0
6941b5de8914daae519c8e23,0.0,1.0
6941a3d48914daae519c80fb,0.0,170.0
6941856f8914daae519c6dde,154.0,
67c846fe93928ac5bc1709fc,200.0,574.0
68ff47be88bfe5662475cc53,0.0,100.0
68ff494f88bfe5662475cd1b,340.0,340.0
69416b648914daae519c5bf8,400.0,400.0
694153b4cd04d08be74bd632,150.0,150.0
68d54ec0516f1ddb82e2e5ed,440.0,400.0
6915c21d265523b710e3e67d,0.0,575.0
6936eef2cd04d08be74784ad,0.0,140.0
6909bf9b8e4e0e4acb5ce6f0,240.0,312.0
6937cc89cd04d08be747d9f3,269.0,269.0
68fb82afb756576ab407ba0b,250.0,1600.0
6924bb77145e1617cbabd307,250.0,1600.0
69414b7ecd04d08be74bd0b3,0.0,100.0
68b800dddf9d8936c1059732,420.0,452.0
68db953d516f1ddb82e6770a,590.0,590.0
68d555fc516f1ddb82e2ec8d,400.0,367.0
691f4fd8265523b710e8839b,250.0,580.0
68b5832a711369bbe4f59d3b,640.0,460.0
69415e7a8914daae519c5398,90.0,90.0
69411a83cd04d08be74bafcc,0.0,1.0
6924a46c6e0dc7ea5e33d9ef,673.0,673.0
6903440bb756576ab40bdb04,400.0,515.0
69272e5e265523b710ebc76a,0.0,10.0
690dc9fe145e1617cb9e786c,140.0,140.0
679369766286c2414574dd31,0.0,294.0
690cdc4f8e4e0e4acb5ea2e7,0.0,600.0
68d17789516f1ddb82e091e3,0.0,467.0
694001a7cd04d08be74b40d4,160.0,160.0
693832b08914daae5198990a,260.0,260.0
6940008ecd04d08be74b4020,775.0,775.0
67a32861ecbb2843cb40a88b,360.0,490.0
68ce8e4f07c7711d7c712a98,0.0,244.0
69400c988914daae519bbc86,0.0,950.0
6940462b8914daae519be18d,170.0,170.0
684717668bda81f7f5d8d543,0.0,547.0
694002e88914daae519bb687,560.0,775.0
6939442bcd04d08be7488947,380.0,380.0
6940221f8914daae519bcb12,100.0,100.0
694013b6cd04d08be74b4c56,310.0,311.0
68e683a4e7035d31a41258b3,440.0,450.0
69402c04cd04d08be74b5d30,600.0,565.0
69249652265523b710eaebb2,400.0,466.0
68b81190711369bbe4f73ed8,540.0,1319.0
685fb08194cd0376dccf9066,285.0,300.0
68dfa31ee7035d31a40e3df5,272.0,386.0
693fc91be922eb04d002c841,0.0,200.0
693f12fd8914daae519b675c,420.0,420.0
691c4878145e1617cba7e1e9,240.0,240.0
68c05825c4782c5427af7667,400.0,350.0
693ef349cd04d08be74addea,0.0,140.0
693ee732cd04d08be74ad72b,116.0,116.0
67712bb778b8a162a7740837,620.0,620.0
693fcea38914daae519b9cbf,0.0,413.0
693196f8145e1617cbb07c1c,900.0,900.0
693f54fdcd04d08be74b10bd,0.0,120.0
693fc3e08914daae519b9872,100.0,100.0
693fd9b1cd04d08be74b2cb6,0.0,95.0
693fca6ae922eb04d002c8c5,180.0,180.0
693fc58fcd04d08be74b245e,0.0,140.0
68b86674df9d8936c105f40d,85.0,85.0
693ff0298914daae519bacfa,310.0,311.0
693de9f68914daae519b034a,320.0,320.0
693e8fd9cd04d08be74aae1f,304.0,304.0
693ec06bcd04d08be74ac409,0.0,400.0
693e854ecd04d08be74aa9e0,544.0,544.0
693ebe6f8914daae519b396d,0.0,138.0
693dcb848914daae519af45c,167.0,167.0
693dd4bc8914daae519af965,104.0,446.0
693db4788914daae519ae6ca,671.0,671.0
693ed6b18914daae519b4524,100.0,1100.0
6932bda7cd04d08be745c789,330.0,490.0
6920431d265523b710e8e670,249.0,249.0
690dce53145e1617cb9e7f95,145.3,145.3
67ee67e6ca3467b14e72c4cc,587.0,587.0
689f30d6ccec382a0d6d176d,210.0,260.0
68ee203f53fa6375757c15f1,285.0,300.0
69305bc0145e1617cbafffbd,404.0,404.0
6891d0d54ad00efe9738e0e8,400.0,400.0
6939864acd04d08be748b260,170.0,170.0
693d5c84cd04d08be74a46fe,0.0,0.0
6828550241532c94f15b5b2e,387.0,387.0
693d3c08cd04d08be74a38bb,500.0,564.0
685299e70e1c20e3eb0cda87,227.0,227.0
693c0d028914daae519a37e2,285.0,285.0
693c71488914daae519a763d,651.0,651.0
693c3e998914daae519a586f,0.0,1.0
693c281ecd04d08be749d527,100.0,260.0
692eb18a145e1617cbaf3567,188.0,188.0
693c69a4cd04d08be749fc98,0.0,11.0
693c6e188914daae519a7449,0.0,500.0
6911f8e6145e1617cba291cb,0.0,170.0
693c0956cd04d08be749c105,0.0,
693c520e8914daae519a643e,3000.0,600.0
693d1bcd8914daae519a9f96,100.0,100.0
692abab2265523b710ecfebc,200.0,341.0
693bce6dcd04d08be7499c75,157.0,400.0
693af444cd04d08be7495360,0.0,200.0
693c06ebcd04d08be749bfac,0.0,0.0
693bebbccd04d08be749aeee,60.0,60.0
693bc7828914daae519a0e4c,117.0,1.0
693bc781cd04d08be749995f,170.0,170.0
693a81f8cd04d08be7491013,660.0,660.0
69395d0c8914daae51991080,894.0,894.0
6900d307d0d95991e106dba4,227.0,227.0
69009424d0d95991e106a719,325.0,325.0
692459a0da5d3acb89b341ae,781.0,781.0
693ad2c08914daae5199b6a9,150.0,150.0
693ad8088914daae5199b95f,200.0,546.0
68c984c507c7711d7c6e21c2,390.0,300.0
66fc28c6e8a80c9b9f730629,450.0,600.0
693a8e1d8914daae51998c51,0.0,150.0
692da41b145e1617cbaed2af,128.57,128.57
691eeccc145e1617cba90f31,330.0,330.0
680630c6c5beda2b51cbedc2,578.0,600.0
691499d9145e1617cba42dbe,307.0,307.0
693a8d8b8914daae51998bf6,404.0,404.0
685d58a1d5464a896c9bd0a3,600.0,10000.0
69394192cd04d08be7488765,0.0,217.0
68e22d456c505afdc05e9d51,0.0,180.0
68e92e5b3e7ffb8ac15808c0,160.0,149.0
693941cecd04d08be7488797,394.0,394.0
693963378914daae519913e5,0.0,220.0
6935c1bdcd04d08be7470136,50.0,50.0
692eaaaa265523b710ee5b5c,413.0,413.0
6939471dcd04d08be7488b54,0.0,100.0
673362ea0d8480a1e00c85b5,327.0,327.0
69394907cd04d08be7488ca3,0.0,637.0
6939a5edcd04d08be748c43c,180.0,500.0
68e3fc1f6c505afdc05fc112,0.0,486.0
69398de6cd04d08be748b6b7,160.0,160.0
691d9971265523b710e79094,0.0,150.0
69393c188914daae5198fb28,0.0,130.0
69398fdecd04d08be748b7c9,0.0,240.0
6939a553cd04d08be748c3f2,200.0,200.0
6937fe5b8914daae51987338,388.0,388.0
69385548cd04d08be7483737,0.0,200.0
691319b8265523b710e2749f,350.0,305.0
6938324f8914daae519898bc,0.0,170.0
69381969cd04d08be7480d0c,291.0,291.0
693825f28914daae51988f94,0.0,453.0
69382d6f8914daae5198952b,180.0,180.0
6938471ecd04d08be7482f68,0.0,500.0
679b9e4ea487ea2259c19664,423.0,423.0
6938116bcd04d08be7480877,306.0,306.0
693700498914daae51980ae3,124.0,124.0
69370d288914daae51981362,0.0,250.0
69258e3d145e1617cbac0f6b,120.0,120.0
6936d4da8914daae5197e9a0,317.0,317.0
6936ced68914daae5197e516,0.0,1100.0
69174ccd145e1617cba59947,195.0,180.0
6937ecf0cd04d08be747eba7,0.0,168.0
6936faa1cd04d08be7478d4c,131.0,131.0
682dddb76238a0abfdd47200,491.0,491.0
6936f59f8914daae519803e3,250.0,130.0
69370216cd04d08be7479193,957.0,957.0
69373412cd04d08be747b3cc,270.0,270.0
6937f327cd04d08be747f032,120.0,465.0
69365de08914daae5197ac4c,270.0,270.0
66db19c667b755ba921ac4d8,350.0,185.0
6936a917cd04d08be7475133,0.0,292.0
6935e7c78914daae5197931d,400.0,400.0
6936c522cd04d08be7476417,225.0,225.0
69365ef88914daae5197ac72,560.0,560.0
69369cf68914daae5197c350,0.0,413.0
69365d4a8914daae5197ac37,795.0,795.0
6935bdff8914daae51977a37,240.0,690.0
6935f70bcd04d08be7472086,402.0,402.0
6935edd28914daae519796ac,0.0,200.0
67cacfdf93928ac5bc1870c5,400.0,597.0
67361b153c20a99fb5500bb2,300.0,418.0
693629bacd04d08be7472d30,150.0,300.0
6935d3d78914daae519785cd,420.0,100.0
68c80044516f1ddb82da9b6d,514.0,520.0
692f0719265523b710ee9780,260.0,440.0
6934abaccd04d08be746a6f8,300.0,500.0
693461288914daae5196f842,106.0,106.0
693413c1cd04d08be74654cf,175.0,175.0
69342aef8914daae5196dc8d,0.0,600.0
68f62050b756576ab404a7a8,480.0,480.0
693546fc8914daae5197407e,380.0,380.0
685030018bda81f7f5ddf6f6,503.0,450.0
6821ba04cb21b3571b421a9a,150.0,450.0
685128450e1c20e3eb0bd78a,672.0,672.0
69356aa68914daae519750b5,0.0,1.0
6918395e265523b710e526af,500.0,450.0
6935bb7e8914daae5197791c,220.0,220.0
69357498cd04d08be746d9ec,0.0,217.0
69276a02145e1617cbacb81e,158.0,158.0
693418f5cd04d08be7465750,100.0,1.0
69346bdbcd04d08be74682d2,161.0,161.0
68ef91573e7ffb8ac15b77d6,0.0,441.0
6932e54a8914daae5196574e,307.0,307.0
68e9206653fa6375757974f1,180.0,180.0
69340d108914daae5196cc5d,130.0,130.0
68f383fbd0d95991e1ff9b74,672.0,672.0
69189dc6265523b710e5608c,0.0,502.0
6932dc1dcd04d08be745d8a3,100.0,100.0
6932bdafcd04d08be745c78e,160.0,220.0
693303938914daae51966a03,190.0,190.0
68bf01fdc4782c5427ae9adc,480.0,480.0
693306dccd04d08be745f2ac,0.0,140.0
68bc3f47985e647fd0e8f49d,355.0,355.0
69330ba1cd04d08be745f52a,160.0,160.0
69208ebf145e1617cba9f0e6,0.0,180.0
6933f808cd04d08be7464553,0.0,150.0
6932da50cd04d08be745d78c,100.0,100.0
69340e6dcd04d08be74651ed,417.0,417.0
691eeb2c265523b710e8392c,540.0,540.0
68de3a416c505afdc05c7c2d,500.0,500.0
693141d1145e1617cbb0472b,220.0,220.0
69315435145e1617cbb05082,105.0,105.0
68d65b35516f1ddb82e377c8,711.0,711.0
6931d331265523b710efc8cc,240.0,300.0
6931a7d5265523b710efb2d3,122.0,122.0
69314f65145e1617cbb04dc1,0.0,65.0
6931ddc3145e1617cbb0a052,0.0,400.0
6931d371265523b710efc8f0,240.0,300.0
693191a2265523b710efa62c,320.0,400.0
6931aaee145e1617cbb087a0,700.0,700.0
692d5781145e1617cbaea371,385.0,385.0
6931ab9a145e1617cbb08809,240.0,240.0
69300eb9265523b710eefd9b,380.0,380.0
68e0d4c7e7035d31a40eedf4,220.0,70.0
693063ed265523b710ef3021,0.0,1.0
685455d38a733cfc286ebd5d,0.0,140.0
69302a82145e1617cbafe305,105.0,105.0
69304fb2265523b710ef24a2,500.0,500.0
68bc5851c4782c5427ad08da,0.0,411.0
692f7038145e1617cbafa5a6,80.0,80.0
692d544a265523b710edcbd9,0.0,400.0
69301d87265523b710ef07fe,0.0,200.0
692f79f1265523b710eed34b,120.0,120.0
692f251b145e1617cbaf7dba,550.0,498.0
6930e3f9145e1617cbb038f7,880.0,880.0
68ce751407c7711d7c71145a,238.0,416.0
692f054b145e1617cbaf6b1b,180.0,400.0
693066c1145e1617cbb0054b,0.0,240.0
692efe80265523b710ee91ba,400.0,400.0
692d7f70145e1617cbaebcc8,387.0,387.0
692dbcf2145e1617cbaee11b,900.0,900.0
692ecf0d145e1617cbaf4998,0.0,300.0
692eab23145e1617cbaf315c,540.0,600.0
6924415eda5d3acb89b3377a,303.0,303.0
692db450265523b710ee05c0,320.0,320.0
692ee5ff265523b710ee8193,1000.0,4000.0
68fb870bd0d95991e10411da,280.0,280.0
692dd570145e1617cbaeeefd,0.0,110.0
692d69a6265523b710edd899,300.0,4.0
691f82c8145e1617cba97c87,0.0,200.0
692d7f45265523b710ede679,180.0,400.0
692eac31145e1617cbaf3205,131.0,131.0
692d7d8a265523b710ede565,0.0,312.0
692dba9f265523b710ee09ad,415.0,415.0
692d57e0265523b710edcd57,185.0,185.0
69023361d0d95991e107a24e,250.0,250.0
692c58f4145e1617cbae5b27,0.0,265.0
692c366f145e1617cbae4c59,0.0,5.0
692ae766265523b710ed14af,120.0,120.0
69244122145e1617cbab9bea,0.0,250.0
692c96b7265523b710ed9e4b,630.0,2500.0
692c3a2d145e1617cbae4e4e,0.0,110.0
692c7b373f69a851e0bb46f6,0.0,
690a2e8e6490817594e37938,240.0,312.0
692b543c145e1617cbae18b7,0.0,0.0
68deb88a6c505afdc05cbd39,544.0,544.0
692c34c13872f35e61c47bf9,0.0,395.0
692b6623145e1617cbae1f36,147.0,126.0
692c5102265523b710ed81a1,0.0,230.0
692c3a30265523b710ed7815,300.0,300.0
692c7acc145e1617cbae686e,510.0,510.0
692c5f46265523b710ed87d0,300.0,500.0
692c3a86265523b710ed783a,517.0,517.0
6913a608145e1617cba3b68f,230.0,180.0
6711244e1cde9a414fa9438c,443.0,443.0
6929f0a6265523b710ecc5e6,200.0,200.0
69221023145e1617cbaa981b,246.0,246.0
6929822e145e1617cbad6a9d,0.0,378.0
67b83bbbbf049e957eabc6ff,260.0,350.0
6929ab43f6824a8059169b08,0.0,312.0
687237fed5464a896ca9c97d,300.0,500.0
681f3268a9299683d0a944d0,143.0,143.0
6929d4b9145e1617cbad90e4,0.0,299.0
6929e4c2265523b710ecc196,0.0,200.0
68da6ea974e03a77e7ab8414,400.0,400.0
68023682c1f8f57898db1d01,575.0,575.0
68e52f0fe7035d31a41187b4,345.0,345.0
691d77e8265523b710e77703,0.0,280.0
692ac16d265523b710ed0210,800.0,1220.0
6929a2287c1b75e049921517,100.0,150.0
69289a3b265523b710ec4739,500.0,500.0
690b66948e4e0e4acb5ddcfa,634.0,634.0
68d3fad507c7711d7c74a01a,200.0,395.0
69295c0c145e1617cbad57ca,0.0,477.0
68b0848a82a3d05f2394ce9b,180.0,180.0
6929020b145e1617cbad4952,230.0,449.0
692883d9465e3fc37e6e85d3,0.0,480.0
6928761a265523b710ec3550,170.0,170.0
69273820145e1617cbaca2eb,0.0,498.0
69280ffb265523b710ec0673,0.0,2500.0
692733bd265523b710ebc9a1,184.0,184.0
6926055d145e1617cbac456f,100.0,100.0
69272fd8265523b710ebc816,160.0,160.0
69282dee265523b710ec164b,480.0,480.0
687907d5d5464a896caec9be,450.0,450.0
692750c1265523b710ebd53d,0.0,120.0
6911f87a145e1617cba29128,0.0,245.0
6926c6d6265523b710eb9996,0.0,85.0
69245c18265523b710eacfb7,0.0,170.0
6925b7ee265523b710eb4afb,0.0,
68714f13d5464a896ca94e2b,0.0,336.0
6924d0df145e1617cbabdcac,208.0,208.0
6924a80a6e0dc7ea5e33db7f,280.0,764.0
69248e2e145e1617cbabbf4d,0.0,100.0
692479bdda5d3acb89b35102,0.0,265.0
692588bf9ae0bfe01c80f03a,0.0,498.0
6925c6ca145e1617cbac2a33,0.0,200.0
69257b7f265523b710eb2e41,128.0,128.0
6924c483145e1617cbabd730,0.0,160.0
68cc022f07c7711d7c6f9bbc,250.0,400.0
69258131c988d694371576d3,0.0,413.0
69208016265523b710e910ad,450.0,450.0
6925cae5265523b710eb53c8,140.0,140.0
691d98c8265523b710e79005,320.0,465.0
692456fe145e1617cbaba560,300.0,300.0
69233b04265523b710ea494c,140.0,140.0
6924295a265523b710eab74d,340.0,218.0
690f55a6145e1617cba01645,0.0,284.0
6921e69d265523b710e9a9c9,100.0,100.0
6922ce19265523b710e9ffaa,180.0,480.0
69232d0b265523b710ea4000,0.0,
6922e924265523b710ea11e8,485.0,485.0
6921f784145e1617cbaa89ff,0.0,76950.0
6922fd00265523b710ea1f6f,170.0,170.0
6922fd3b265523b710ea1f87,0.0,200.0
68d5810107c7711d7c7592a3,350.0,500.0
6923416c145e1617cbab242d,0.0,7.0
6923254e145e1617cbab111b,0.0,90.0
68d7d777516f1ddb82e469fe,125.0,125.0
6807ce86c5beda2b51cd3ea9,110.0,227.0
69206796145e1617cba9d34a,0.0,135.0
69203646265523b710e8dd69,440.0,440.0
69204a01145e1617cba9c155,330.0,237.0
67e133cbca3467b14e6bbf19,470.0,500.0
68c54779e33e2deec930a3a7,325.0,325.0
690f4918145e1617cba00725,0.0,180.0
685acae7d5464a896c9a33e8,615.0,615.0
69208d23265523b710e91ab5,0.0,600.0
692159df145e1617cbaa3b9b,0.0,80.0
68c67604516f1ddb82d9aed5,560.0,740.0
680cec92c1f8f57898e2b0ad,485.0,556.0
69201720145e1617cba99f46,1150.0,1150.0
69202ea9265523b710e8d6d2,430.0,430.0
691ee542145e1617cba9091a,150.0,240.0
687e457bd5464a896cb25ddf,420.0,500.0
691f6712145e1617cba969fe,0.0,120.0
68d169e607c7711d7c730412,400.0,1250.0
691e3430265523b710e7f72c,0.0,60.0
691e9ee2265523b710e81410,0.0,184.0
68e0ed05e7035d31a40efdc3,348.0,348.0
691f3f6b265523b710e876ef,300.0,300.0
67e8801cfd1c6385be402a99,450.0,612.0
68dabe27516f1ddb82e61aa0,0.0,343.0
691df5be265523b710e7cd6c,400.0,400.0
691de5be145e1617cba89674,0.0,705.0
691daadd145e1617cba86e7c,380.0,380.0
691cb0eb265523b710e737df,240.0,420.0
68ac333f032c2f257217fe08,312.0,312.0
691ca55f265523b710e73151,315.0,315.0
691df9f0265523b710e7d00b,130.0,150.0
691cd6fc265523b710e74d62,120.0,120.0
68c034e3985e647fd0eb576f,220.0,220.0
691da0284730c4e48bb141f7,547.0,504.0
691ca173265523b710e72f51,220.0,220.0
691d93f3145e1617cba85eae,0.0,187.0
68dab54c07c7711d7c789803,270.0,500.0
691c9da5145e1617cba80263,100.0,150.0
691d7dee265523b710e77a98,0.0,300.0
691b71ba145e1617cba78fc6,529.0,529.0
691c66e8145e1617cba7f06d,190.0,190.0
68e6781ee7035d31a4124dce,0.0,200.0
68b859b1df9d8936c105e877,0.0,323.0
691b50ef145e1617cba77c19,79.0,297.0
691b49bd265523b710e6a2aa,0.0,404.0
6877602dd5464a896cad6946,0.0,339.0
691ba5e0145e1617cba7b0b0,0.0,316.0
691b6999265523b710e6b567,0.0,124.0
691ad3e3265523b710e64bd8,100.0,100.0
691a3085265523b710e61b71,365.0,518.0
6919d354145e1617cba6b13a,100.0,300.0
6919f17a145e1617cba6c3ee,142.0,142.0
6919be9c145e1617cba6a521,0.0,92.0
68f3ccbfd0d95991e1ffc96b,0.0,160.0
6839b4f8a2a7af1206228b9f,115.0,115.0
691aeb06145e1617cba73050,0.0,190.0
691a0161265523b710e5f89b,245.0,380.0
68ed15b33e7ffb8ac15a1513,118.0,118.0
6919d1bf265523b710e5dc28,0.0,120.0
691b2548145e1617cba75c19,0.0,179.0
6909be168e4e0e4acb5ce594,317.0,137.0
691a1b8c145e1617cba6df86,400.0,400.0
691a0b16145e1617cba6d3a1,1280.0,1280.0
691777ad145e1617cba5b4eb,115.0,115.0
6918c4d9145e1617cba64b76,200.0,
69184844145e1617cba60458,120.0,162.0
69178fb6145e1617cba5c754,121.0,121.0
691740a9265523b710e4b921,0.0,200.0
6918c609145e1617cba64c1a,94.0,94.0
6917d30e265523b710e51188,220.0,220.0
681c7882c5beda2b51db4243,0.0,300.0
691777f5145e1617cba5b51d,100.0,100.0
69177e1a265523b710e4e427,130.0,140.0
6918f129265523b710e59284,0.0,200.0
687901c9d5464a896caec3f1,322.0,190.0
69173e59145e1617cba58d45,0.0,200.0
69170738145e1617cba56486,204.0,204.0
691605d5145e1617cba4edf4,220.0,500.0
69173c4d265523b710e4b581,70.0,70.0
69162d69145e1617cba50a7f,164.0,164.0
69166cf3145e1617cba52f5d,80.0,80.0
6916ed63265523b710e47ac7,344.0,344.0
691726bc145e1617cba57b16,350.0,350.0
6917009b265523b710e489dc,957.0,957.0
69173d90265523b710e4b6a1,0.0,360.0
6915f90f145e1617cba4e579,0.0,154.0
6916ec51265523b710e479ff,600.0,600.0
69161a87145e1617cba4fd40,0.0,200.0
68b5bc74711369bbe4f5d7db,388.0,388.0
68daba12516f1ddb82e61775,374.0,374.0
6915ea90265523b710e4032e,147.0,147.0
68dd52fd516f1ddb82e7adf0,500.0,500.0
69159097145e1617cba49533,0.0,179.0
6914f1ed145e1617cba46b99,0.0,100.0
6915ab57265523b710e3d255,0.0,400.0
6914de96145e1617cba45d2f,550.0,21901649.0
6915a1f6265523b710e3caaf,0.0,110.0
6915c5e9265523b710e3e950,0.0,0.0
6915c499265523b710e3e83c,0.0,130.0
691593c8265523b710e3c08e,0.0,312.0
69120249145e1617cba2a051,113.0,113.0
68f77072c2818064df214a8b,350.0,450.0
691490f2265523b710e35064,300.0,300.0
691464e1145e1617cba4042a,260.0,260.0
691374d3145e1617cba3904c,134.0,134.0
69139fee265523b710e2d95e,762.0,762.0
691471ec265523b710e338a5,350.0,350.0
68d2f127516f1ddb82e18c68,0.0,80.0
69143074145e1617cba3e1f4,0.0,2200.0
6913b301265523b710e2e752,0.0,220.0
69134ad9265523b710e299de,200.0,200.0
690dc720145e1617cb9e7364,188.0,188.0
69144225265523b710e31218,400.0,400.0
68a83bb682a3d05f238f4d7a,0.0,160.0
6912fb10145e1617cba33409,141.0,140.0
68fb357ad0d95991e103d186,414.0,414.0
682c4fcc6e84e888afbf0b21,135.0,135.0
67c5850a93928ac5bc159498,145.0,145.0
69131848145e1617cba34c00,0.0,110.0
69132200265523b710e27ada,0.0,720.0
6912fff2145e1617cba33760,440.0,440.0
6839cc94a2a7af120622a17f,500.0,300.0
6911f071145e1617cba2852e,74.0,74.0
690a0da56490817594e35f0e,0.0,300.0
691319b7145e1617cba34d14,360.0,360.0
6911e8df145e1617cba27a27,599.0,599.0
69130758145e1617cba33d49,0.0,400.0
68cc183907c7711d7c6fb0de,335.0,335.0
6911ae5c145e1617cba21baf,420.0,420.0
6911bb8d145e1617cba232ec,210.0,210.0
6906320d8e4e0e4acb5afd2d,0.0,369.0
6911aed9145e1617cba21c99,0.0,400.0
6911c583145e1617cba2450a,0.0,150.0
6911c2d1145e1617cba23fc1,0.0,130.0
68f62269d0d95991e100ffd5,250.0,310.0
68f37fa8b756576ab40342f9,0.0,250.0
6911e653145e1617cba2766a,83.0,470.0
6911db23145e1617cba26440,122.0,122.0
688cc987fde7ee723b411760,700.0,700.0
6911d1b7145e1617cba25705,408.0,408.0
6911e559145e1617cba27501,0.0,
69106b3c145e1617cba0fb2a,0.0,165.0
68baaf49c4782c5427abea7e,550.0,527.0
6911cfbe145e1617cba25424,130.0,261.0
690e2a70145e1617cb9efa09,120.0,280.0
690e4c41145e1617cb9f2b12,0.0,420.0
690fa0b1145e1617cba076e3,0.0,100.0
690eedef145e1617cb9f9aab,90.0,90.0
690f2d94145e1617cb9fe623,141.0,140.0
690e09e4145e1617cb9ecfa4,0.0,200.0
690efe4b145e1617cb9fa975,140.0,260.0
690f1e88145e1617cb9fd327,280.0,440.0
690fc153145e1617cba0a1b6,0.0,1.0
690f1557145e1617cb9fc6b4,410.0,410.0
68aed70f82a3d05f23939363,336.0,336.0
690c5a688e4e0e4acb5e45e8,84.0,84.0
690cba9c8e4e0e4acb5e8d8f,0.0,
690c887f6490817594e4a41e,200.0,220.0
690dd6f1145e1617cb9e8af8,0.0,189.0
690c8a3a6490817594e4a55a,0.0,112.0
690ce10b8e4e0e4acb5ea63e,500.0,22.0
690db1c3145e1617cb9e52a7,0.0,124.0
68ac283541fb09fcf7da21e1,700.0,1080.0
686689a8d5464a896ca1f027,550.0,550.0
690ca74a8e4e0e4acb5e7f80,530.0,530.0
68bee3f2c4782c5427ae7d6e,0.0,300.0
690c49db6490817594e47603,0.0,120.0
68ee988153fa6375757c7796,0.0,210.0
690bc08f6490817594e44fcc,80.0,80.0
690b48948e4e0e4acb5dc888,0.0,330.0
68da933e516f1ddb82e5f343,0.0,530.0
690a3c246490817594e382d0,0.0,150.0
690b16088e4e0e4acb5da1b4,0.0,156.0
67c03a5faf2813f8075b63aa,0.0,1020.0
690bc3756490817594e4517a,225.0,225.0
690a2cfa8e4e0e4acb5d3f83,156.0,256.0
68bf01dd985e647fd0ea9d59,490.0,490.0
690bbee06490817594e44ebf,265.0,265.0
690b331b8e4e0e4acb5db881,300.0,347.0
6909c6ca8e4e0e4acb5ced09,0.0,164.0
6909f6536490817594e34c2d,99.0,99.0
6908bba28e4e0e4acb5c5dc2,910.0,910.0
690881a31f77ff74fcddffd5,170.0,170.0
6909e4bd8e4e0e4acb5d05fa,450.0,505.0
6909c8cf8e4e0e4acb5ceeca,0.0,100.0
6909db148e4e0e4acb5cfd53,0.0,1000.0
676aba96f39faeaa98c0bc8a,0.0,
68d16eee516f1ddb82e089de,101.0,101.0
6908f15a8e4e0e4acb5c8610,150.0,150.0
690941706490817594e2f22f,78.0,78.0
690755478e4e0e4acb5b805f,500.0,500.0
6907075f6490817594e18cce,410.0,410.0
690878798e4e0e4acb5c2465,124.0,124.0
690615686490817594e125ea,154.0,154.0
690603f78e4e0e4acb5ae034,85.0,85.0
6905eddf8e4e0e4acb5ad1d7,301.0,3.0
69072f728e4e0e4acb5b6626,600.0,540.0
69050c096490817594e0ad88,0.0,170.0
6904bb318e4e0e4acb5a3602,200.0,200.0
6903cba9d0d95991e1088e1d,0.0,110.0
69037426d0d95991e1084e93,704.0,704.0
69037a0fd0d95991e10852f6,330.0,330.0
690472d78e4e0e4acb59fb36,0.0,
690480ad6490817594e041d2,280.0,252.0
68cd65da07c7711d7c707d72,200.0,200.0
6904f2a48e4e0e4acb5a6015,0.0,133.0
6904d8638e4e0e4acb5a4dd1,145.0,416.0
69037beed0d95991e1085487,480.0,480.0
6900a086b756576ab40a6208,300.0,500.0
69031ec9d0d95991e108098d,420.0,420.0
68dd3de707c7711d7c7a1fa4,573.0,
6902007fb756576ab40b2cb3,0.0,198.0
6901ff43d0d95991e1077a48,0.0,166.0
6903097ab756576ab40bb0ed,380.0,380.0
68e3a1786c505afdc05f786e,230.0,230.0
690089a3d0d95991e1069da7,0.0,230.0
69022974d0d95991e1079a6c,210.0,210.0
69033381b756576ab40bcbfe,136.0,136.0
67347bd83c20a99fb54edfff,1900.0,1900.0
690110c3d0d95991e10708a7,0.0,430.0
68f6242a5709529b94aa45f4,2020.0,2020.0
68b2cce6df9d8936c1026f38,0.0,145.0
6901109fd0d95991e1070888,0.0,156.0
68f908b7b756576ab40659b2,4000.0,4000.0
68ff80c1d0d95991e106196e,0.0,150.0
68d678dd516f1ddb82e3923c,450.0,816.0
68ff616ed1363f4f82bbfe8f,0.0,200.0
68a5d83fccec382a0d7187f6,400.0,620.0
68ffa954b756576ab409e5f5,0.0,70.0
68ff75f5a8da4ccab904ef3f,440.0,440.0
690089ced0d95991e1069dce,0.0,1.0
68fe7a13d0d95991e105a427,262.0,298.0
68fe56e3d0d95991e1058a3f,110.0,110.0
68fd4210d0d95991e1050f92,257.0,257.0
68c82f9b07c7711d7c6d4a7b,0.0,210.0
68ff3224d0d95991e105e691,325.0,325.0
68fe78d2b756576ab4094f1f,0.0,113.0
6839aaeea2a7af1206228286,700.0,700.0
68fcf49ed0d95991e104d8f7,400.0,652.0
68f6215c5709529b94aa446a,0.0,330.0
68fe692ad0d95991e10596a9,200.0,225.0
68ff5711d0d95991e105fe2f,0.0,130.0
68fd281ed0d95991e104fb7b,0.0,1.0
68c055c9c4782c5427af745d,350.0,910.0
68fa475dd0d95991e10360b3,300.0,300.0
68fbca9dd0d95991e10443a4,200.0,300.0
68fa4174b756576ab4070824,0.0,164.0
68fb89f4b756576ab407c03e,0.0,100.0
68fb3cbdd0d95991e103d7d0,520.0,614.0
68fb77d2b756576ab407b157,0.0,140.0
68fc943ed0d95991e1049642,0.0,68.0
68fa4131b756576ab40707ea,100.0,100.0
68fa2138b756576ab406ed2d,0.0,210.0
68f8bc9bb756576ab4062074,207.0,207.0
68f8b534d0d95991e1027066,257.0,257.0
67a3310becbb2843cb40b8a2,0.0,410.0
68f7af7fb756576ab40599ca,0.0,156.0
67f1223fca3467b14e74bb2e,92.0,92.0
68f8f378d0d95991e1029f56,156.0,156.0
68f896c7d0d95991e10255ea,200.0,460.0
68f8de7fd0d95991e1028efe,223.0,223.0
68fa002ad0d95991e10325e5,600.0,482.0
68f8b017b756576ab4061690,218.0,325.0
68f911f2d0d95991e102b513,150.0,1.0
68f65b1bb756576ab404db87,0.0,200.0
68f612c0b756576ab4049ee3,345.0,345.0
68f62909d0d95991e10104a8,96.0,96.0
68f772add0d95991e101bf4f,400.0,400.0
685bbb7fd5464a896c9ab66a,0.0,80.0
68f67681d0d95991e101462e,120.0,75.0
68f60e376bcfa867f54df90c,160.0,160.0
68f767c7b756576ab4056273,110.0,300.0
68f621ca5709529b94aa44ad,0.0,368.0
68d5202207c7711d7c753fd1,300.0,350.0
67372ba70d8480a1e00ef3ca,0.0,188.0
68f62ca4223685127da5dc28,90.0,510.0
68dd1e6307c7711d7c7a02cf,243.0,110.0
68f74d23b756576ab4054960,442.0,160.0
68f6218fb756576ab404a884,525.0,525.0
68f3c472d0d95991e1ffc40d,0.0,140.0
68f3c9a4d0d95991e1ffc7bc,108.0,108.0
68f4fb37b756576ab4041570,0.0,105.0
68f39052b756576ab4034f73,0.0,77.0
68f4cb1bb756576ab403f432,111.0,111.0
68f37bd9b756576ab403401a,0.0,530.0
68b05729032c2f25721acfc8,302.0,302.0
68dfa6fc6c505afdc05d351a,166.0,167.0
68f54f9b816f69e252eef1e9,200.0,200.0
6899be15dbb2ce981b9cf356,0.0,240.0
68f609a9d0d95991e100f00c,200.0,300.0
68f57f64d0d95991e100c2b1,0.0,
68f4c6e37affbf2b037c5233,86.0,86.0
685c4494d5464a896c9b3963,240.0,240.0
68f5f69bd0d95991e100e3fb,0.0,400.0
68f53713d0d95991e1009853,150.0,150.0
68f229e5b4ca0f9adbcc9d9b,342.0,200.0
68f263dcb756576ab402b907,270.0,270.0
68f222acb4ca0f9adbcc99ad,500.0,220.0
68f115b953fa6375757df27d,452.0,452.0
68f22d1bb756576ab4028f62,170.0,170.0
68f0dc5753fa6375757dbefc,0.0,164.0
68f35dbbb756576ab4032af8,1000.0,1000.0
68f24ec1b756576ab402a7fa,220.0,220.0
68cbe488516f1ddb82dd0166,525.0,525.0
68f25174b756576ab402aa14,0.0,800.0
68f0e26b3e7ffb8ac15c4bcc,0.0,80.0
68f00f0853fa6375757d5bd9,0.0,152.0
68efbcbb53fa6375757d1578,0.0,128.0
68ef676e3e7ffb8ac15b5560,0.0,56844910.0
68f0b3cb3e7ffb8ac15c2167,0.0,120.0
68ef58af3e7ffb8ac15b4aaa,100.0,100.0
68ef46f43e7ffb8ac15b4205,250.0,250.0
685f07e5d5464a896c9cfb9b,200.0,140.0
68eed2ac3e7ffb8ac15b2841,196.0,196.0
68246dd6a9299683d0ac6389,0.0,460.0
68ee5fb43e7ffb8ac15ad3cf,200.0,200.0
68ed119f3e7ffb8ac15a11b6,0.0,203.0
68ee6b623e7ffb8ac15add98,165.0,285.0
68ee3cf453fa6375757c2f06,250.0,250.0
68714cd994cd0376dcdba0fc,0.0,652.0
68eeb39c3e7ffb8ac15b12bf,0.0,250.0
68e60b80e7035d31a411f273,0.0,224.0
68aecc8482a3d05f239388f2,0.0,160.0
68ed07c953fa6375757b81c6,370.0,370.0
68ef2e353e7ffb8ac15b3a57,160.0,160.0
68ee259dabda4e1dc402d785,0.0,300.0
68ee6c7753fa6375757c5746,0.0,240.0
68daac64516f1ddb82e60bab,414.0,414.0
68eba12853fa6375757abc7b,0.0,5000.0
68ecd72e53fa6375757b5e2b,140.0,140.0
68eac37d3e7ffb8ac158ef02,0.0,130.0
68ebd4653e7ffb8ac1596bb6,0.0,1.0
68eccb613e7ffb8ac159de75,156.0,156.0
68ead21053fa6375757a7086,0.0,250.0
68ece8a83e7ffb8ac159f202,108.0,108.0
68ebe87753fa6375757af28c,213.0,213.0
68ecc2683e7ffb8ac159d8ee,200.0,200.0
68eb8c573e7ffb8ac159345b,110.0,110.0
68eb626653fa6375757a92eb,60.0,60.0
680b6d33c5beda2b51cfb861,280.0,290.0
68ecad593e7ffb8ac159cb2b,300.0,363.0
68ecbb597c2836ef658b30dd,0.0,371.0
68a4757cccec382a0d70727c,220.0,330.0
68ea9c1353fa6375757a48e6,100.0,100.0
68ecd04b3e7ffb8ac159e157,0.0,222.0
68eab56653fa6375757a5c92,105.0,105.0
68e8ce993e7ffb8ac157b678,0.0,1.0
68b59618711369bbe4f5af47,350.0,4700.0
68ea643c3e7ffb8ac158a974,267.5,290.0
68a5a2373398639ecd901772,240.0,300.0
6821bee8cb21b3571b421e92,388.0,388.0
68e8ca4153fa637575792998,480.0,480.0
68e95a623e7ffb8ac1582842,0.0,200.0
68a70dcd3398639ecd911c7a,0.0,210.0
68ea8d143e7ffb8ac158c631,217.0,217.0
68e822413e7ffb8ac15777bb,132.0,198.0
68b85c0f711369bbe4f78474,0.0,64.0
68ea3ea353fa6375757a0495,250.0,250.0
68e68278e7035d31a41257b9,240.0,1000.0
68e69128e7035d31a412632e,360.0,642.0
68e681fe6c505afdc0614b43,280.0,700.0
68d691ca516f1ddb82e3a5cd,0.0,350.0
68e681966c505afdc0614ada,200.0,200.0
68e7e1773e7ffb8ac1574508,169.0,167.0
68e681806c505afdc0614ac8,103.0,103.0
68e68ed5e7035d31a4126176,200.0,200.0
68e69b64e7035d31a4126b33,0.0,400.0
68e6815f6c505afdc0614aa7,800.0,800.0
68e69a17e7035d31a4126a59,0.0,
68e6fdab6c505afdc061a3a5,0.0,150.0
67922fdcc572f8fd2af6f920,450.0,450.0
